Shortname,CLASS,Status,Fire,Type,Diameter_cm,Height_m,2013 status,2014 Status,Response
B5-012814-1,1,Pre,0,nf,14,5,live,live,0
B5-012814-1,1,Pre,0,nf,13,7,live,live,0
B5-012814-1,1,Pre,0,nf,5,3,live,live,0
B5-012814-1,1,Pre,0,nf,13,7,live,live,0
B5-012814-1,1,Pre,0,nf,6,4,live,live,0
B5-012814-1,1,Pre,0,nf,3,2,live,live,0
B5-012814-1,1,Pre,0,nf,5,3,live,live,0
B5-012814-1,1,Pre,0,nf,14,7,live,live,0
B5-012814-1,1,Pre,0,nf,11,7,live,live,0
B5-012814-1,1,Pre,0,nf,7,6,live,live,0
B5-012814-1,1,Pre,0,nf,3,3,live,live,0
B5-012814-1,1,Pre,0,nf,4,2,live,live,0
B5-012814-1,1,Pre,0,nf,6,4,live,live,0
B5-012814-1,1,Pre,0,nf,9,6,live,live,0
B5-012814-1,1,Pre,0,nf,24,9,live,live,0
B5-012814-1,1,Pre,0,nf,7,6,live,live,0
B5-012814-1,1,Pre,0,nf,22,9,live,live,0
B5-012814-1,1,Pre,0,nf,10,7,live,live,0
B5-012814-1,1,Pre,0,nf,8,6,live,live,0
B5-012814-1,1,Pre,0,nf,14,7,live,live,0
B5-012814-1,1,Pre,0,nf,12,7,live,live,0
B5-012814-1,1,Pre,0,nf,12,7,live,live,0
B5-012814-1,1,Pre,0,nf,3,3,live,live,0
B5-012814-1,1,Pre,0,nf,6,4,live,live,0
B5-012814-1,1,Pre,0,nf,10,6,live,live,0
B5-012814-1,1,Pre,0,nf,13,7,live,live,0
B5-012814-1,1,Pre,0,nf,6,4,live,live,0
B5-012814-1,1,Pre,0,nf,3,2,live,live,0
B5-012814-1,1,Pre,0,nf,5,4,live,live,0
B5-012814-1,1,Pre,0,nf,7,3,live,live,0
B5-012814-1,1,Pre,0,nf,16,9,live,live,0
B5-012814-1,1,Pre,0,nf,11,7,live,live,0
B5-012814-1,1,Pre,0,nf,10,8,live,live,0
B5-012814-1,1,Pre,0,nf,15,6,live,live,0
B5-012814-1,1,Pre,0,nf,5,5,live,live,0
B5-012814-1,1,Pre,0,nf,5,3,live,live,0
B5-012814-1,1,Pre,0,nf,14,8,live,live,0
B5-012814-2,1,Pre,0,nf,11,7,live,live,0
B5-012814-2,1,Pre,0,nf,21,10,live,live,0
B5-012814-2,1,Pre,0,nf,6,6,live,live,0
B5-012814-2,1,Pre,0,nf,10,8,live,live,0
B5-012814-2,1,Pre,0,nf,8,6,live,live,0
B5-012814-2,1,Pre,0,nf,10,8,live,live,0
B5-012814-2,1,Pre,0,nf,9,7,live,live,0
B5-012814-2,1,Pre,0,nf,9,8,live,live,0
B5-012814-2,1,Pre,0,nf,5,6,live,live,0
B5-012814-2,1,Pre,0,nf,10,2,live,live,0
B5-012814-2,1,Pre,0,nf,10,9,live,live,0
B5-012814-2,1,Pre,0,nf,2,3,live,live,0
B5-012814-2,1,Pre,0,nf,8,5,live,live,0
B5-012814-2,1,Pre,0,nf,24,12,live,live,0
B5-012814-2,1,Pre,0,nf,24,9,live,live,0
B5-012814-2,1,Pre,0,nf,6,6,live,live,0
B5-012814-2,1,Pre,0,nf,5,5,live,live,0
B5-012814-2,1,Pre,0,nf,5,3,live,live,0
B5-012814-2,1,Pre,0,nf,2,5,live,live,0
B5-012814-2,1,Pre,0,nf,4,5,live,live,0
B5-012814-2,1,Pre,0,nf,4,2,live,live,0
B5-012814-2,1,Pre,0,nf,9,8,live,live,0
B5-012814-2,1,Pre,0,nf,16,8,live,live,0
B5-012814-2,1,Pre,0,nf,8,7,live,live,0
B5-012814-2,1,Pre,0,nf,5,5,live,live,0
B5-012814-2,1,Pre,0,nf,7,6,live,live,0
B5-012814-2,1,Pre,0,nf,3,3,live,live,0
B5-012814-2,1,Pre,0,nf,12,3,live,live,0
B5-012814-2,1,Pre,0,nf,25,9,live,live,0
B5-012814-2,1,Pre,0,nf,7,6,live,live,0
B5-012814-2,1,Pre,0,nf,12,8,live,live,0
B5-012814-2,1,Pre,0,nf,8,6,live,live,0
B5-012814-2,1,Pre,0,nf,5,5,live,live,0
B5-012814-2,1,Pre,0,nf,4,2,live,live,0
B5-012814-2,1,Pre,0,nf,8,6,live,live,0
B5-012814-2,1,Pre,0,nf,18,9,live,live,0
B5-012814-2,1,Pre,0,nf,19,11,live,live,0
B5-012814-3,1,Pre,0,nf,13,8,live,live,0
B5-012814-3,1,Pre,0,nf,12,7,live,live,0
B5-012814-3,1,Pre,0,nf,14,6,live,live,0
B5-012814-3,1,Pre,0,nf,5,2,live,live,0
B5-012814-3,1,Pre,0,nf,22,10,live,live,0
B5-012814-3,1,Pre,0,nf,9,6,live,live,0
B5-012814-3,1,Pre,0,nf,2,3,live,live,0
B5-012814-3,1,Pre,0,nf,10,7,live,live,0
B5-012814-3,1,Pre,0,nf,6,5,live,live,0
B5-012814-3,1,Pre,0,nf,10,6,live,live,0
B5-012814-3,1,Pre,0,nf,18,8,live,live,0
B5-012814-3,1,Pre,0,nf,15,8,live,live,0
B5-012814-3,1,Pre,0,nf,16,6,live,live,0
B5-012814-3,1,Pre,0,nf,12,7,live,live,0
B5-012814-3,1,Pre,0,nf,2,2,live,live,0
B5-012814-3,1,Pre,0,nf,9,6,live,live,0
B5-012814-3,1,Pre,0,nf,5,3,live,live,0
B5-012814-3,1,Pre,0,nf,13,8,live,live,0
B5-012814-3,1,Pre,0,nf,5,5,live,live,0
B5-012814-3,1,Pre,0,nf,10,6,live,live,0
B5-012814-3,1,Pre,0,nf,6,5,live,live,0
B5-012814-3,1,Pre,0,nf,3,4,live,live,0
B5-012814-3,1,Pre,0,nf,16,8,live,live,0
B5-012814-3,1,Pre,0,nf,9,7,live,live,0
B5-012814-3,1,Pre,0,nf,5,4,live,live,0
B5-012814-3,1,Pre,0,nf,13,8,live,live,0
B5-012814-3,1,Pre,0,nf,13,8,live,live,0
B5-012814-3,1,Pre,0,nf,15,8,live,live,0
B5-012814-3,1,Pre,0,nf,18,7,live,live,0
B6-012914A,1,Pre,0,nf,11,8,live,live,0
B6-012914A,1,Pre,0,nf,14,12,live,live,0
B6-012914A,1,Pre,0,nf,21,13,live,live,0
B6-012914A,1,Pre,0,nf,14,13,live,live,0
B6-012914A,1,Pre,0,nf,18,13,live,live,0
B6-012914A,1,Pre,0,nf,23,12,live,live,0
B6-012914A,1,Pre,0,nf,9,3,live,live,0
B6-012914A,1,Pre,0,nf,8,7,live,live,0
B6-012914A,1,Pre,0,nf,11,5,live,live,0
B6-012914A,1,Pre,0,nf,23,12,live,live,0
B6-012914A,1,Pre,0,nf,17,10,live,live,0
B6-012914A,1,Pre,0,nf,22,13,live,live,0
B6-012914A,1,Pre,0,nf,10,5,live,live,0
B6-012914A,1,Pre,0,nf,14,10,live,live,0
B6-012914A,1,Pre,0,nf,8,6,live,live,0
B6-012914A,1,Pre,0,nf,14,10,live,live,0
B6-012914A,1,Pre,0,nf,3,8,live,live,0
B6-012914A,1,Pre,0,nf,26,15,live,live,0
B6-012914A,1,Pre,0,nf,8,8,live,live,0
B6-012914A,1,Pre,0,nf,10,7,live,live,0
B6-012914A,1,Pre,0,nf,31,17,live,live,0
B6-012914A,1,Pre,0,nf,11,11,live,live,0
B6-012914A,1,Pre,0,nf,20,15,live,live,0
BN1,1,Pre,0,nf,23,15,live,live,0
BN1,1,Pre,0,nf,27,18,live,live,0
BN1,1,Pre,0,nf,22,16,live,live,0
BN1,1,Pre,0,nf,14,15,live,live,0
BN1,1,Pre,0,nf,29,16,live,live,0
BN1,1,Pre,0,nf,41,21,live,live,0
BN2,1,Pre,0,nf,21,11,live,live,0
BN2,1,Pre,0,nf,35,17,live,live,0
BN2,1,Pre,0,nf,22,16,live,live,0
BN2,1,Pre,0,nf,34,19,live,live,0
BN2,1,Pre,0,nf,29,17,live,live,0
BN2,1,Pre,0,nf,20,16,live,live,0
BN2,1,Pre,0,nf,31,20,live,live,0
BN2,1,Pre,0,nf,26,18,live,live,0
BN2,1,Pre,0,nf,26,19,live,live,0
BN3,1,Pre,0,nf,27,14,live,live,0
BN3,1,Pre,0,nf,37,15,live,live,0
BN3,1,Pre,0,nf,17,13,live,live,0
BN3,1,Pre,0,nf,18,14,live,live,0
BN3,1,Pre,0,nf,25,14,live,live,0
BN3,1,Pre,0,nf,17,13,live,live,0
BN3,1,Pre,0,nf,19,12,live,live,0
BN3,1,Pre,0,nf,17,13,live,live,0
BN3,1,Pre,0,nf,13,11,live,live,0
BN3,1,Pre,0,nf,25,15,live,live,0
BN3,1,Pre,0,nf,14,12,live,live,0
BS2,1,Pre,0,nf,12,9,live,live,0
BS2,1,Pre,0,nf,7,6,live,live,0
BS2,1,Pre,0,nf,5,5,live,live,0
BS2,1,Pre,0,nf,7,5,live,live,0
BS2,1,Pre,0,nf,17,12,live,live,0
BS2,1,Pre,0,nf,3,3,live,live,0
BS2,1,Pre,0,nf,7,6,live,live,0
BS2,1,Pre,0,nf,1,2,live,live,0
BS2,1,Pre,0,nf,4,3,live,live,0
BS2,1,Pre,0,nf,6,6,live,live,0
BS2,1,Pre,0,nf,4,3,live,live,0
BS2,1,Pre,0,nf,46,21,live,live,0
BS2,1,Pre,0,nf,39,22,live,live,0
BS2,1,Pre,0,nf,17,9,live,live,0
BS2,1,Pre,0,nf,4,4,live,live,0
BS2,1,Pre,0,nf,2,2,live,live,0
BS2,1,Pre,0,nf,6,5,live,live,0
BS2,1,Pre,0,nf,5,6,live,live,0
BS3,1,Pre,0,nf,8,7,live,live,0
BS3,1,Pre,0,nf,25,16,live,live,0
BS3,1,Pre,0,nf,14,12,live,live,0
BS3,1,Pre,0,nf,24,16,live,live,0
BS3,1,Pre,0,nf,9,7,live,live,0
BS3,1,Pre,0,nf,22,16,live,live,0
BS3,1,Pre,0,nf,5,5,live,live,0
BS3,1,Pre,0,nf,21,15,live,live,0
BS3,1,Pre,0,nf,7,4,live,live,0
BS3,1,Pre,0,nf,5,5,live,live,0
BS3,1,Pre,0,nf,17,14,live,live,0
BS3,1,Pre,0,nf,11,8,live,live,0
BS3,1,Pre,0,nf,9,8,live,live,0
BS3,1,Pre,0,nf,5,4,live,live,0
BS3,1,Pre,0,nf,10,7,live,live,0
BS3,1,Pre,0,nf,24,17,live,live,0
BS3,1,Pre,0,nf,11,8,live,live,0
BS3,1,Pre,0,nf,13,9,live,live,0
BS3,1,Pre,0,nf,14,12,live,live,0
BS3,1,Pre,0,nf,18,13,live,live,0
BWRN1,1,Pre,0,nf,22,14,live,live,0
BWRN1,1,Pre,0,nf,24,16,live,live,0
BWRN1,1,Pre,0,nf,9,6,live,live,0
BWRN1,1,Pre,0,nf,14,10,live,live,0
BWRN1,1,Pre,0,nf,8,5,live,live,0
BWRN1,1,Pre,0,nf,10,6,live,live,0
BWRN1,1,Pre,0,nf,30,14,live,live,0
BWRN1,1,Pre,0,nf,18,16,live,live,0
BWRN1,1,Pre,0,nf,15,16,live,live,0
BWRN1,1,Pre,0,nf,7,8,live,live,0
BWRN1,1,Pre,0,nf,20,14,live,live,0
BWRN1,1,Pre,0,nf,13,12,live,live,0
BWRN1,1,Pre,0,nf,23,17,live,live,0
BWRN1,1,Pre,0,nf,28,18,live,live,0
BWRN2A,1,Pre,0,nf,33,14,live,live,0
BWRN2A,1,Pre,0,nf,8,6,live,live,0
BWRN2A,1,Pre,0,nf,5,3,live,live,0
BWRN2A,1,Pre,0,nf,10,8,live,live,0
BWRN2A,1,Pre,0,nf,19,13,live,live,0
BWRN2A,1,Pre,0,nf,23,16,live,live,0
BWRN2A,1,Pre,0,nf,23,15,live,live,0
BWRN2A,1,Pre,0,nf,20,13,live,live,0
BWRN2A,1,Pre,0,nf,33,15,live,live,0
BWRN2A,1,Pre,0,nf,28,13,live,live,0
BWRN2A,1,Pre,0,nf,8,5,live,live,0
BWRN2A,1,Pre,0,nf,18,14,live,live,0
BWRN2A,1,Pre,0,nf,18,13,live,live,0
BWRN2A,1,Pre,0,nf,16,15,live,live,0
BWRN2A,1,Pre,0,nf,14,11,live,live,0
BWRN3,2,Pre,0,nf,26,16,live,live,0
BWRN3,2,Pre,0,nf,38,17,live,live,0
BWRN3,2,Pre,0,nf,19,12,live,live,0
BWRN3,2,Pre,0,nf,18,16,live,live,0
BWRN3,2,Pre,0,nf,10,8,live,live,0
BWRN3,2,Pre,0,nf,11,9,live,live,0
BWRN3,2,Pre,0,nf,33,19,live,live,0
BWRN3,2,Pre,0,nf,9,9,live,live,0
BWRN3,2,Pre,0,nf,20,17,live,live,0
BWRN3,2,Pre,0,nf,21,15,live,live,0
BWRN3,2,Pre,0,nf,16,15,live,live,0
BWRN3,2,Pre,0,nf,25,17,live,live,0
BWRN3,2,Pre,0,nf,19,13,live,live,0
BWRN3,2,Pre,0,nf,27,17,live,live,0
BWRN3,2,Pre,0,nf,15,9,live,live,0
BWRN3,2,Pre,0,nf,34,18,live,live,0
BWRN3,2,Pre,0,nf,15,10,live,live,0
BWRN3,2,Pre,0,nf,4,4,live,live,0
BWRS1,1,Pre,0,nf,26,14,live,live,0
BWRS1,1,Pre,0,nf,19,11,live,live,0
BWRS1,1,Pre,0,nf,10,12,live,live,0
BWRS1,1,Pre,0,nf,34,15,live,live,0
BWRS1,1,Pre,0,nf,14,10,live,live,0
BWRS1,1,Pre,0,nf,16,12,live,live,0
BWRS1,1,Pre,0,nf,23,14,live,live,0
BWRS1,1,Pre,0,nf,24,15,live,live,0
BWRS1,1,Pre,0,nf,10,12,live,live,0
BWRS1,1,Pre,0,nf,12,10,live,live,0
BWRS1,1,Pre,0,nf,19,11,live,live,0
BWRS1,1,Pre,0,nf,13,12,live,live,0
JN1,1,Pre,0,nf,32,22,live,live,0
JN1,1,Pre,0,nf,15,15,live,live,0
JN1,1,Pre,0,nf,24,17,live,live,0
JN1,1,Pre,0,nf,27,17,live,live,0
JN1,1,Pre,0,nf,39,20,live,live,0
JN1,1,Pre,0,nf,23,17,live,live,0
JN1,1,Pre,0,nf,27,18,live,live,0
JN1,1,Pre,0,nf,33,18,live,live,0
JN2,1,Pre,0,nf,23,13,live,live,0
JN2,1,Pre,0,nf,8,7,live,live,0
JN2,1,Pre,0,nf,24,14,live,live,0
JN2,1,Pre,0,nf,6,4,live,live,0
JN2,1,Pre,0,nf,26,14,live,live,0
JN2,1,Pre,0,nf,19,15,live,live,0
JN2,1,Pre,0,nf,30,15,live,live,0
JN2,1,Pre,0,nf,7,6,live,live,0
JN2,1,Pre,0,nf,14,11,live,live,0
JN2,1,Pre,0,nf,12,13,live,live,0
JN2,1,Pre,0,nf,19,15,live,live,0
JN2,1,Pre,0,nf,11,10,live,live,0
JN2,1,Pre,0,nf,5,3,live,live,0
JN2,1,Pre,0,nf,16,14,live,live,0
JN2,1,Pre,0,nf,14,12,live,live,0
JN3,1,Pre,0,nf,25,10,live,live,0
JN3,1,Pre,0,nf,25,11,live,live,0
JN3,1,Pre,0,nf,7,5,live,live,0
JN3,1,Pre,0,nf,13,5,live,live,0
JN3,1,Pre,0,nf,20,13,live,live,0
JN3,1,Pre,0,nf,13,8,live,live,0
JN3,1,Pre,0,nf,18,12,live,live,0
JN3,1,Pre,0,nf,19,12,live,live,0
JN3,1,Pre,0,nf,12,10,live,live,0
JN3,1,Pre,0,nf,20,9,live,live,0
JN3,1,Pre,0,nf,11,9,live,live,0
JN3,1,Pre,0,nf,21,12,live,live,0
JN3,1,Pre,0,nf,8,7,live,live,0
JN3,1,Pre,0,nf,12,9,live,live,0
PD1,1,Pre,0,nf,21,13,live,live,0
PD1,1,Pre,0,nf,23,13,live,live,0
PD1,1,Pre,0,nf,21,13,live,live,0
PD1,1,Pre,0,nf,16,14,live,live,0
PD1,1,Pre,0,nf,8,6,live,live,0
PD1,1,Pre,0,nf,14,13,live,live,0
PD1,1,Pre,0,nf,8,8,live,live,0
PD1,1,Pre,0,nf,12,11,live,live,0
PD1,1,Pre,0,nf,5,3,live,live,0
PD1,1,Pre,0,nf,18,13,live,live,0
PD1,1,Pre,0,nf,24,16,live,live,0
PD1,1,Pre,0,nf,15,11,live,live,0
PD1,1,Pre,0,nf,19,13,live,live,0
PD1,1,Pre,0,nf,20,5,live,live,0
PD1,1,Pre,0,nf,24,15,live,live,0
PD1,1,Pre,0,nf,7,6,live,live,0
PD1,1,Pre,0,nf,5,4,live,live,0
PD1,1,Pre,0,nf,9,6,live,live,0
PD2,1,Pre,0,nf,20,15,live,live,0
PD2,1,Pre,0,nf,24,15,live,live,0
PD2,1,Pre,0,nf,26,16,live,live,0
PD2,1,Pre,0,nf,21,16,live,live,0
PD2,1,Pre,0,nf,25,16,live,live,0
PD2,1,Pre,0,nf,24,15,live,live,0
PD2,1,Pre,0,nf,28,19,live,live,0
PD2,1,Pre,0,nf,20,15,live,live,0
PD2,1,Pre,0,nf,13,14,live,live,0
PD3,1,Pre,0,nf,20,11,live,live,0
PD3,1,Pre,0,nf,13,12,live,live,0
PD3,1,Pre,0,nf,21,14,live,live,0
PD3,1,Pre,0,nf,8,4,live,live,0
PD3,1,Pre,0,nf,18,15,live,live,0
PD3,1,Pre,0,nf,5,8,live,live,0
PD3,1,Pre,0,nf,24,15,live,live,0
PD3,1,Pre,0,nf,22,12,live,live,0
PD3,1,Pre,0,nf,5,2,live,live,0
PD3,1,Pre,0,nf,27,17,live,live,0
PD3,1,Pre,0,nf,4,2,live,live,0
PD3,1,Pre,0,nf,22,13,live,live,0
PD3,1,Pre,0,nf,11,9,live,live,0
PD3,1,Pre,0,nf,31,14,live,live,0
SR1,1,Pre,0,nf,20,12,live,live,0
SR1,1,Pre,0,nf,14,11,live,live,0
SR1,1,Pre,0,nf,18,11,live,live,0
SR1,1,Pre,0,nf,13,9,live,live,0
SR1,1,Pre,0,nf,19,10,live,live,0
SR1,1,Pre,0,nf,12,8,live,live,0
SR1,1,Pre,0,nf,10,4,live,live,0
SR1,1,Pre,0,nf,20,9,live,live,0
SR1,1,Pre,0,nf,14,8,live,live,0
SR1,1,Pre,0,nf,12,5,live,live,0
SR1,1,Pre,0,nf,15,8,live,live,0
SR1,1,Pre,0,nf,12,8,live,live,0
SR1,1,Pre,0,nf,19,12,live,live,0
SR1,1,Pre,0,nf,20,12,live,live,0
SR1,1,Pre,0,nf,18,12,live,live,0
SR1,1,Pre,0,nf,17,11,live,live,0
SR1,1,Pre,0,nf,20,12,live,live,0
SR1,1,Pre,0,nf,5,3,live,live,0
SR1,1,Pre,0,nf,11,8,live,live,0
SR1,1,Pre,0,nf,8,8,live,live,0
SR1,1,Pre,0,nf,10,5,live,live,0
SR1,1,Pre,0,nf,10,4,live,live,0
SR1,1,Pre,0,nf,12,4,live,live,0
SR1,1,Pre,0,nf,6,5,live,live,0
SR1,1,Pre,0,nf,11,4,live,live,0
SR1,1,Pre,0,nf,22,11,live,live,0
SR2,1,Pre,0,nf,25,12,live,live,0
SR2,1,Pre,0,nf,15,12,live,live,0
SR2,1,Pre,0,nf,20,11,live,live,0
SR2,1,Pre,0,nf,14,10,live,live,0
SR2,1,Pre,0,nf,25,9,live,live,0
SR2,1,Pre,0,nf,12,5,live,live,0
SR2,1,Pre,0,nf,5,4,live,live,0
SR2,1,Pre,0,nf,9,4,live,live,0
SR2,1,Pre,0,nf,6,3,live,live,0
SR2,1,Pre,0,nf,30,12,live,live,0
SR2,1,Pre,0,nf,21,11,live,live,0
SR3,1,Pre,0,nf,17,8,live,live,0
SR3,1,Pre,0,nf,7,3,live,live,0
SR3,1,Pre,0,nf,14,8,live,live,0
SR3,1,Pre,0,nf,10,7,live,live,0
SR3,1,Pre,0,nf,7,6,live,live,0
SR3,1,Pre,0,nf,4,2,live,live,0
SR3,1,Pre,0,nf,10,7,live,live,0
SR3,1,Pre,0,nf,6,5,live,live,0
SR3,1,Pre,0,nf,8,6,live,live,0
SR3,1,Pre,0,nf,6,5,live,live,0
SR3,1,Pre,0,nf,10,8,live,live,0
SR3,1,Pre,0,nf,5,4,live,live,0
SR3,1,Pre,0,nf,5,2,live,live,0
SR3,1,Pre,0,nf,12,8,live,live,0
SR3,1,Pre,0,nf,7,4,live,live,0
SR3,1,Pre,0,nf,17,9,live,live,0
SR3,1,Pre,0,nf,8,5,live,live,0
SR3,1,Pre,0,nf,21,10,live,live,0
SR3,1,Pre,0,nf,31,14,live,live,0
SR3,1,Pre,0,nf,12,7,live,live,0
SR3,1,Pre,0,nf,3,2,live,live,0
SR3,1,Pre,0,nf,5,4,live,live,0
SR3,1,Pre,0,nf,6,5,live,live,0
WN1,1,Pre,0,nf,10,7,live,live,0
WN1,1,Pre,0,nf,6,4,live,live,0
WN1,1,Pre,0,nf,7,4,live,live,0
WN1,1,Pre,0,nf,5,4,live,live,0
WN1,1,Pre,0,nf,22,7,live,live,0
WN1,1,Pre,0,nf,4,3,live,live,0
WN1,1,Pre,0,nf,12,7,live,live,0
WN1,1,Pre,0,nf,5,5,live,live,0
WN1,1,Pre,0,nf,9,5,live,live,0
WN1,1,Pre,0,nf,18,4,live,live,0
WN1,1,Pre,0,nf,8,6,live,live,0
WN1,1,Pre,0,nf,10,7,live,live,0
WN1,1,Pre,0,nf,4,2,live,live,0
WN1,1,Pre,0,nf,12,6,live,live,0
WN1,1,Pre,0,nf,7,6,live,live,0
WN1,1,Pre,0,nf,8,6,live,live,0
WN1,1,Pre,0,nf,5,5,live,live,0
WN1,1,Pre,0,nf,6,5,live,live,0
WN1,1,Pre,0,nf,7,5,live,live,0
WN1,1,Pre,0,nf,7,5,live,live,0
WN1,1,Pre,0,nf,6,5,live,live,0
WN1,1,Pre,0,nf,5,5,live,live,0
WN1,1,Pre,0,nf,5,4,live,live,0
WN1,1,Pre,0,nf,19,8,live,live,0
WN1,1,Pre,0,nf,12,8,live,live,0
WN1,1,Pre,0,nf,5,4,live,live,0
WN1,1,Pre,0,nf,5,4,live,live,0
WN1,1,Pre,0,nf,2,2,live,live,0
WN1,1,Pre,0,nf,25,10,live,live,0
WN1,1,Pre,0,nf,18,7,live,live,0
WN1,1,Pre,0,nf,5,4,live,live,0
WN1,1,Pre,0,nf,7,5,live,live,0
WN1,1,Pre,0,nf,8,8,live,live,0
WN1,1,Pre,0,nf,3,4,live,live,0
WN1,1,Pre,0,nf,6,4,live,live,0
WN1,1,Pre,0,nf,9,6,live,live,0
WN1,1,Pre,0,nf,9,7,live,live,0
WN1,1,Pre,0,nf,7,6,live,live,0
WN1,1,Pre,0,nf,6,5,live,live,0
WN1,1,Pre,0,nf,2,3,live,live,0
WN1,1,Pre,0,nf,5,4,live,live,0
WN1,1,Pre,0,nf,18,8,live,live,0
WN1,1,Pre,0,nf,7,5,live,live,0
WN1,1,Pre,0,nf,6,5,live,live,0
WN1,1,Pre,0,nf,6,6,live,live,0
WN1,1,Pre,0,nf,5,6,live,live,0
WN1,1,Pre,0,nf,9,6,live,live,0
WN1,1,Pre,0,nf,5,4,live,live,0
WN1,1,Pre,0,nf,12,7,live,live,0
WN1,1,Pre,0,nf,8,6,live,live,0
WN1,1,Pre,0,nf,5,3,live,live,0
WN2,1,Pre,0,nf,22,14,live,live,0
WN2,1,Pre,0,nf,5,4,live,live,0
WN2,1,Pre,0,nf,12,10,live,live,0
WN2,1,Pre,0,nf,11,8,live,live,0
WN2,1,Pre,0,nf,4,3,live,live,0
WN2,1,Pre,0,nf,2,3,live,live,0
WN2,1,Pre,0,nf,5,3,live,live,0
WN2,1,Pre,0,nf,6,6,live,live,0
WN2,1,Pre,0,nf,3,3,live,live,0
WN2,1,Pre,0,nf,27,15,live,live,0
WN2,1,Pre,0,nf,5,3,live,live,0
WN2,1,Pre,0,nf,32,15,live,live,0
WN2,1,Pre,0,nf,7,5,live,live,0
WN2,1,Pre,0,nf,4,3,live,live,0
WN2,1,Pre,0,nf,6,3,live,live,0
WN2,1,Pre,0,nf,27,13,live,live,0
WN2,1,Pre,0,nf,5,4,live,live,0
WN2,1,Pre,0,nf,24,14,live,live,0
WN2,1,Pre,0,nf,7,5,live,live,0
WN2,1,Pre,0,nf,4,2,live,live,0
WN2,1,Pre,0,nf,3,3,live,live,0
WN3,1,Pre,0,nf,18,10,live,live,0
WN3,1,Pre,0,nf,2,2,live,live,0
WN3,1,Pre,0,nf,2,2,live,live,0
WN3,1,Pre,0,nf,5,3,live,live,0
WN3,1,Pre,0,nf,2,2,live,live,0
WN3,1,Pre,0,nf,10,6,live,live,0
WN3,1,Pre,0,nf,23,11,live,live,0
WN3,1,Pre,0,nf,5,3,live,live,0
WN3,1,Pre,0,nf,4,3,live,live,0
WN3,1,Pre,0,nf,5,4,live,live,0
WN3,1,Pre,0,nf,13,8,live,live,0
WN3,1,Pre,0,nf,2,3,live,live,0
WN3,1,Pre,0,nf,2,2,live,live,0
WN3,1,Pre,0,nf,4,2,live,live,0
WN3,1,Pre,0,nf,5,3,live,live,0
WN3,1,Pre,0,nf,5,3,live,live,0
WN3,1,Pre,0,nf,3,3,live,live,0
WN3,1,Pre,0,nf,1,2,live,live,0
WN3,1,Pre,0,nf,3,2,live,live,0
WN3,1,Pre,0,nf,17,9,live,live,0
WN3,1,Pre,0,nf,6,4,live,live,0
WN3,1,Pre,0,nf,11,8,live,live,0
WN3,1,Pre,0,nf,17,9,live,live,0
WN3,1,Pre,0,nf,2,2,live,live,0
WN3,1,Pre,0,nf,16,10,live,live,0
WN3,1,Pre,0,nf,2,2,live,live,0
WN3,1,Pre,0,nf,2,2,live,live,0
WN3,1,Pre,0,nf,6,5,live,live,0
WN3,1,Pre,0,nf,6,3,live,live,0
WN3,1,Pre,0,nf,6,4,live,live,0
WN3,1,Pre,0,nf,4,3,live,live,0
WN3,1,Pre,0,nf,3,3,live,live,0
WN3,1,Pre,0,nf,3,2,live,live,0
WN3,1,Pre,0,nf,11,7,live,live,0
WN3,1,Pre,0,nf,1,2,live,live,0
WN3,1,Pre,0,nf,6,5,live,live,0
WN3,1,Pre,0,nf,12,8,live,live,0
WN3,1,Pre,0,nf,10,6,live,live,0
WN3,1,Pre,0,nf,4,3,live,live,0
WN3,1,Pre,0,nf,18,8,live,live,0
WN3,1,Pre,0,nf,4,4,live,live,0
WN3,1,Pre,0,nf,4,4,live,live,0
WN3,1,Pre,0,nf,5,4,live,live,0
WN3,1,Pre,0,nf,23,10,live,live,0
WN3,1,Pre,0,nf,2,4,live,live,0
WN3,1,Pre,0,nf,1,3,live,live,0
WN3,1,Pre,0,nf,6,5,live,live,0
WN3,1,Pre,0,nf,4,3,live,live,0
WN3,1,Pre,0,nf,3,2,live,live,0
WN3,1,Pre,0,nf,3,2,live,live,0
WN3,1,Pre,0,nf,3,2,live,live,0
WN3,1,Pre,0,nf,13,6,live,live,0
WN3,1,Pre,0,nf,17,8,live,live,0
WN3,1,Pre,0,nf,3,3,live,live,0
WN3,1,Pre,0,nf,4,5,live,live,0
WN3,1,Pre,0,nf,4,5,live,live,0
WN3,1,Pre,0,nf,5,5,live,live,0
WN3,1,Pre,0,nf,10,6,live,live,0
WN3,1,Pre,0,nf,5,4,live,live,0
WN3,1,Pre,0,nf,5,4,live,live,0
WN3,1,Pre,0,nf,11,5,live,live,0
WN3,1,Pre,0,nf,6,3,live,live,0
WN3,1,Pre,0,nf,6,5,live,live,0
WN3,1,Pre,0,nf,3,3,live,live,0
WN3,1,Pre,0,nf,20,7,live,live,0
3FT1,4,Pre,1,rxb,13,12,live,live,0
3FT1,4,Pre,1,rxb,15,13,live,live,0
3FT1,4,Pre,1,rxb,13,11,live,live,0
3FT1,4,Pre,1,rxb,16,14,live,live,0
3FT1,4,Pre,1,rxb,11,11,live,live,0
3FT1,4,Pre,1,rxb,12,12,live,live,0
3FT1,4,Pre,1,rxb,11,13,live,live,0
3FT1,4,Pre,1,rxb,10,13,live,live,0
3FT1,4,Pre,1,rxb,21,14,live,live,0
3FT1,4,Pre,1,rxb,20,13,live,live,0
3FT1,4,Pre,1,rxb,8,8,live,dead,1
3FT1,4,Pre,1,rxb,6,6,live,dead,1
3FT1,4,Pre,1,rxb,22,14,live,live,0
3FT1,4,Pre,1,rxb,7,6,live,dead,1
3FT1,4,Pre,1,rxb,11,12,live,live,0
3FT1,4,Pre,1,rxb,17,11,live,live,0
3FT1,4,Pre,1,rxb,10,10,live,live,0
3FT1,4,Pre,1,rxb,14,12,live,live,0
3FT1,4,Pre,1,rxb,10,4,live,dead,1
3FT1,4,Pre,1,rxb,13,5,live,live,0
3FT1,4,Pre,1,rxb,16,13,live,live,0
3FT1,4,Pre,1,rxb,14,13,live,live,0
3FT1,4,Pre,1,rxb,19,13,live,live,0
3FT1,4,Pre,1,rxb,23,13,live,live,0
3FT1,4,Pre,1,rxb,16,13,live,live,0
3FT1,4,Pre,1,rxb,15,13,live,live,0
3FT1,4,Pre,1,rxb,16,13,live,live,0
3FT1,4,Pre,1,rxb,18,14,live,live,0
3FT1,4,Pre,1,rxb,23,15,live,live,0
3FT1,4,Pre,1,rxb,28,16,live,live,0
3FT1,4,Pre,1,rxb,16,13,live,live,0
3FT2,2,Pre,1,rxb,7,5,live,live,0
3FT2,2,Pre,1,rxb,8,7,live,live,0
3FT2,2,Pre,1,rxb,22,14,live,live,0
3FT2,2,Pre,1,rxb,1,2,live,dead,1
3FT2,2,Pre,1,rxb,28,12,live,live,0
3FT2,2,Pre,1,rxb,2,3,live,dead,1
3FT2,2,Pre,1,rxb,1,2,live,dead,1
3FT2,2,Pre,1,rxb,9,8,live,live,0
3FT2,2,Pre,1,rxb,17,12,live,live,0
3FT2,2,Pre,1,rxb,13,9,live,live,0
3FT2,2,Pre,1,rxb,14,3,live,dead,1
3FT2,2,Pre,1,rxb,19,4,live,dead,1
3FT2,2,Pre,1,rxb,14,10,live,live,0
3FT2,2,Pre,1,rxb,20,11,live,live,0
3FT2,2,Pre,1,rxb,23,12,live,live,0
3FT2,2,Pre,1,rxb,18,11,live,live,0
3FT2,2,Pre,1,rxb,4,2,live,dead,1
3FT2,2,Pre,1,rxb,12,9,live,live,0
3FT2,2,Pre,1,rxb,11,8,live,live,0
3FT2,2,Pre,1,rxb,2,2,live,dead,1
3FT2,2,Pre,1,rxb,26,14,live,live,0
3FT2,2,Pre,1,rxb,9,5,live,dead,1
3FT2,2,Pre,1,rxb,19,11,live,live,0
3FT2,2,Pre,1,rxb,7,5,live,live,0
3FT3,3,Pre,1,rxb,4,8,live,live,0
3FT3,3,Pre,1,rxb,14,8,live,live,0
3FT3,3,Pre,1,rxb,13,4,live,live,0
3FT3,3,Pre,1,rxb,7,11,live,live,0
3FT3,3,Pre,1,rxb,14,7,live,live,0
3FT3,3,Pre,1,rxb,10,15,live,live,0
3FT3,3,Pre,1,rxb,28,8,live,live,0
3FT3,3,Pre,1,rxb,12,9,live,live,0
3FT3,3,Pre,1,rxb,17,2,live,dead,1
3FT3,3,Pre,1,rxb,10,3,live,live,0
3FT3,3,Pre,1,rxb,14,10,live,live,0
3FT3,3,Pre,1,rxb,15,9,live,live,0
3FT3,3,Pre,1,rxb,14,2,live,live,0
3FT3,3,Pre,1,rxb,12,5,live,live,0
3FT3,3,Pre,1,rxb,12,9,live,live,0
3FT3,3,Pre,1,rxb,21,9,live,live,0
3FT3,3,Pre,1,rxb,11,4,live,live,0
3FT3,3,Pre,1,rxb,15,10,live,live,0
3FT3,3,Pre,1,rxb,14,10,live,live,0
3FT3,3,Pre,1,rxb,5,3,live,dead,1
3FT3,3,Pre,1,rxb,11,9,live,live,0
3FT3,3,Pre,1,rxb,9,9,live,live,0
3FT3,3,Pre,1,rxb,8,9,live,live,0
3FT3,3,Pre,1,rxb,9,7,live,live,0
3FT3,3,Pre,1,rxb,10,8,live,live,0
3FT3,3,Pre,1,rxb,8,3,live,dead,1
3FT3,3,Pre,1,rxb,11,7,live,live,0
3FT3,3,Pre,1,rxb,19,9,live,live,0
AT1,1,Pre,1,rxb,22,13,live,live,0
AT1,1,Pre,1,rxb,6,7,live,live,0
AT1,1,Pre,1,rxb,15,13,live,live,0
AT1,1,Pre,1,rxb,21,12,live,live,0
AT1,1,Pre,1,rxb,7,8,live,live,0
AT1,1,Pre,1,rxb,12,8,live,live,0
AT1,1,Pre,1,rxb,14,10,live,live,0
AT1,1,Pre,1,rxb,20,13,live,live,0
AT1,1,Pre,1,rxb,13,12,live,live,0
AT1,1,Pre,1,rxb,25,12,live,live,0
AT2,3,Post+1,1,rxb,12,9,live,live,0
AT2,3,Post+1,1,rxb,18,10,live,live,0
AT2,3,Post+1,1,rxb,10,9,live,live,0
AT2,3,Post+1,1,rxb,8,8,live,live,0
AT2,3,Post+1,1,rxb,15,10,live,live,0
AT2,3,Post+1,1,rxb,5,3,live,live,0
AT2,3,Post+1,1,rxb,38,14,live,live,0
AT2,3,Post+1,1,rxb,9,4,live,live,0
AT2,3,Post+1,1,rxb,5,3,live,live,0
AT2,3,Post+1,1,rxb,18,12,live,live,0
AT2,3,Post+1,1,rxb,18,12,live,live,0
AT3,3,Post+1,1,rxb,5,2,live,live,0
AT3,3,Post+1,1,rxb,9,7,live,live,0
AT3,3,Post+1,1,rxb,9,7,live,live,0
AT3,3,Post+1,1,rxb,14,10,live,live,0
AT3,3,Post+1,1,rxb,9,4,live,live,0
AT3,3,Post+1,1,rxb,7,5,live,live,0
AT3,3,Post+1,1,rxb,23,11,live,live,0
AT3,3,Post+1,1,rxb,14,9,live,live,0
AT3,3,Post+1,1,rxb,18,11,live,live,0
AT3,3,Post+1,1,rxb,12,9,live,live,0
AT3,3,Post+1,1,rxb,17,10,live,live,0
AT3,3,Post+1,1,rxb,25,11,live,live,0
AT3,3,Post+1,1,rxb,5,3,live,live,0
AT3,3,Post+1,1,rxb,9,6,live,live,0
AT3,3,Post+1,1,rxb,15,10,live,live,0
AT3,3,Post+1,1,rxb,23,10,live,live,0
AT3,3,Post+1,1,rxb,10,6,live,live,0
AT3,3,Post+1,1,rxb,13,9,live,live,0
AT3,3,Post+1,1,rxb,16,11,live,live,0
AT3,3,Post+1,1,rxb,5,2,live,live,0
BEX1,3,Pre,1,rxb,10,6,live,live,0
BEX1,3,Pre,1,rxb,39,16,live,live,0
BEX1,3,Pre,1,rxb,16,8,live,live,0
BEX1,3,Pre,1,rxb,13,3,live,live,0
BEX1,3,Pre,1,rxb,17,6,live,live,0
BEX1,3,Pre,1,rxb,29,13,live,live,0
BEX1,3,Pre,1,rxb,21,12,live,live,0
BEX1,3,Pre,1,rxb,43,20,live,live,0
BEX2,2,Pre,1,rxb,3,3,live,live,0
BEX2,2,Pre,1,rxb,10,8,live,live,0
BEX2,2,Pre,1,rxb,30,17,live,live,0
BEX2,2,Pre,1,rxb,34,17,live,live,0
BEX2,2,Pre,1,rxb,46,21,live,live,0
BEX2,2,Pre,1,rxb,19,16,live,live,0
BEX2,2,Pre,1,rxb,25,18,live,live,0
BEX2,2,Pre,1,rxb,23,19,live,live,0
BEX2,2,Pre,1,rxb,20,14,live,live,0
BEX2,2,Pre,1,rxb,9,6,live,live,0
BEX2,2,Pre,1,rxb,5,3,live,live,0
BEX3,2,Pre,1,rxb,7,5,live,live,0
BEX3,2,Pre,1,rxb,29,16,live,live,0
BEX3,2,Pre,1,rxb,12,6,live,live,0
BEX3,2,Pre,1,rxb,23,17,live,live,0
BEX3,2,Pre,1,rxb,24,16,live,live,0
BEX3,2,Pre,1,rxb,14,9,live,live,0
BEX3,2,Pre,1,rxb,25,18,live,live,0
BEX3,2,Pre,1,rxb,20,12,live,live,0
BEX3,2,Pre,1,rxb,28,18,live,live,0
BFF1,3,Pre,1,rxb,24,17,live,live,0
BFF1,3,Pre,1,rxb,23,17,live,live,0
BFF1,3,Pre,1,rxb,31,20,live,live,0
BFF1,3,Pre,1,rxb,33,18,live,live,0
BFF1,3,Pre,1,rxb,21,12,live,live,0
BFF1,3,Pre,1,rxb,23,17,live,live,0
BFF2,3,Pre,1,rxb,26,14,live,live,0
BFF2,3,Pre,1,rxb,17,14,live,live,0
BFF2,3,Pre,1,rxb,20,11,live,live,0
BFF2,3,Pre,1,rxb,30,17,live,live,0
BFF2,3,Pre,1,rxb,32,15,live,live,0
BFF2,3,Pre,1,rxb,24,14,live,live,0
BFF2,3,Pre,1,rxb,18,12,live,live,0
BFF3,2,Pre,1,rxb,28,16,live,live,0
BFF3,2,Pre,1,rxb,23,16,live,live,0
BFF3,2,Pre,1,rxb,18,11,live,live,0
BFF3,2,Pre,1,rxb,30,18,live,live,0
BFF3,2,Pre,1,rxb,25,15,live,live,0
BFF3,2,Pre,1,rxb,22,16,live,live,0
BFF3,2,Pre,1,rxb,26,17,live,live,0
BFF3,2,Pre,1,rxb,27,17,live,live,0
BFF3,2,Pre,1,rxb,30,16,live,live,0
BFFWF02,6,Plus 1,1,wf,15,13,live,live,0
BFFWF02,6,Plus 1,1,wf,8,9,live,dead,1
BFFWF02,6,Plus 1,1,wf,8,4,live,dead,1
BFFWF02,6,Plus 1,1,wf,13,14,live,live,0
BFFWF02,6,Plus 1,1,wf,6,6,live,dead,1
BFFWF02,6,Plus 1,1,wf,18,16,live,live,0
BFFWF02,6,Plus 1,1,wf,24,18,live,live,0
BFFWF02,6,Plus 1,1,wf,5,3,live,dead,1
BFFWF02,6,Plus 1,1,wf,15,13,live,dead,1
BFFWF02,6,Plus 1,1,wf,28,16,live,live,0
BFFWF02,6,Plus 1,1,wf,8,8,live,dead,1
BFFWF02,6,Plus 1,1,wf,13,12,live,dead,1
BFFWF02,6,Plus 1,1,wf,22,14,live,live,0
BFFWF02,6,Plus 1,1,wf,12,9,live,live,0
BFFWF02,6,Plus 1,1,wf,6,6,live,dead,1
BFFWF02,6,Plus 1,1,wf,7,7,live,dead,1
BFFWF02,6,Plus 1,1,wf,9,8,live,dead,1
BFFWF02,6,Plus 1,1,wf,46,20,live,live,0
BFFWF02,6,Plus 1,1,wf,17,13,live,live,0
BFFWF02,6,Plus 1,1,wf,22,16,live,live,0
BFFWF02,6,Plus 1,1,wf,11,9,live,dead,1
BFFWF02,6,Plus 1,1,wf,21,16,live,live,0
BFFWF02,6,Plus 1,1,wf,13,12,live,live,0
BFFWF02,6,Plus 1,1,wf,22,16,live,live,0
BFFWF02,6,Plus 1,1,wf,16,16,live,live,0
BFFWF02,6,Plus 1,1,wf,4,4,live,live,0
BFFWF02,6,Plus 1,1,wf,22,13,live,live,0
BFFWF02,6,Plus 1,1,wf,4,2,live,dead,1
BFFWF02,6,Plus 1,1,wf,45,16,live,live,0
BFFWF02,6,Plus 1,1,wf,7,4,live,dead,1
BFFWF02,6,Plus 1,1,wf,43,18,live,dead,1
BFFWF02,6,Plus 1,1,wf,5,3,live,dead,1
BFFWF04,7,Plus 1,1,wf,22,12,live,live,0
BFFWF04,7,Plus 1,1,wf,9,9,live,dead,1
BFFWF04,7,Plus 1,1,wf,39,13,live,live,0
BFFWF04,7,Plus 1,1,wf,15,13,live,live,0
BFFWF04,7,Plus 1,1,wf,20,9,live,dead,1
BFFWF04,7,Plus 1,1,wf,18,12,live,live,0
BFFWF04,7,Plus 1,1,wf,14,10,live,live,0
BFFWF04,7,Plus 1,1,wf,8,4,live,dead,1
BFFWF04,7,Plus 1,1,wf,27,15,live,dead,1
BFFWF04,7,Plus 1,1,wf,21,13,live,live,0
BFFWF04,7,Plus 1,1,wf,16,10,live,live,0
BFFWF06,4,Plus 1,1,wf,22,13,live,live,0
BFFWF06,4,Plus 1,1,wf,4,2,live,dead,1
BFFWF06,4,Plus 1,1,wf,45,16,live,live,0
BFFWF06,4,Plus 1,1,wf,7,4,live,dead,1
BFFWF06,4,Plus 1,1,wf,43,18,live,dead,1
BFFWF06,4,Plus 1,1,wf,5,3,live,dead,1
BR1,2,Pre,1,rxb,16,9,live,live,0
BR1,2,Pre,1,rxb,12,6,live,live,0
BR1,2,Pre,1,rxb,10,7,live,live,0
BR1,2,Pre,1,rxb,12,6,live,live,0
BR1,2,Pre,1,rxb,12,6,live,live,0
BR1,2,Pre,1,rxb,10,8,live,live,0
BR1,2,Pre,1,rxb,15,8,live,live,0
BR1,2,Pre,1,rxb,12,6,live,live,0
BR1,2,Pre,1,rxb,1,2,live,dead,1
BR1,2,Pre,1,rxb,7,5,live,live,0
BR1,2,Pre,1,rxb,16,4,live,live,0
BR1,2,Pre,1,rxb,8,5,live,live,0
BR1,2,Pre,1,rxb,7,5,live,live,0
BR1,2,Pre,1,rxb,14,7,live,live,0
BR1,2,Pre,1,rxb,12,8,live,live,0
BR1,2,Pre,1,rxb,12,8,live,live,0
BR1,2,Pre,1,rxb,10,7,live,live,0
BR2,2,Pre,1,rxb,3,3,live,live,0
BR2,2,Pre,1,rxb,15,9,live,live,0
BR2,2,Pre,1,rxb,2,3,live,dead,1
BR2,2,Pre,1,rxb,11,7,live,live,0
BR2,2,Pre,1,rxb,18,10,live,live,0
BR2,2,Pre,1,rxb,15,9,live,live,0
BR2,2,Pre,1,rxb,15,9,live,live,0
BR2,2,Pre,1,rxb,18,8,live,live,0
BR2,2,Pre,1,rxb,2,2,live,dead,1
BR2,2,Pre,1,rxb,17,8,live,live,0
BR2,2,Pre,1,rxb,9,6,live,live,0
BR2,2,Pre,1,rxb,10,5,live,live,0
BR2,2,Pre,1,rxb,1,3,live,dead,1
BR2,2,Pre,1,rxb,2,3,live,live,0
BR2,2,Pre,1,rxb,1,2,live,dead,1
BR2,2,Pre,1,rxb,11,8,live,live,0
BR2,2,Pre,1,rxb,7,4,live,live,0
BR2,2,Pre,1,rxb,11,9,live,live,0
BR2,2,Pre,1,rxb,12,9,live,live,0
BR2,2,Pre,1,rxb,16,11,live,live,0
BR2,2,Pre,1,rxb,11,9,live,live,0
BR2,2,Pre,1,rxb,10,8,live,live,0
BR2,2,Pre,1,rxb,10,7,live,live,0
BR2,2,Pre,1,rxb,11,9,live,live,0
BR2,2,Pre,1,rxb,12,8,live,live,0
BR2,2,Pre,1,rxb,9,6,live,live,0
BR2,2,Pre,1,rxb,12,10,live,live,0
BR2,2,Pre,1,rxb,11,8,live,live,0
BR2,2,Pre,1,rxb,3,3,live,live,0
BR2,2,Pre,1,rxb,11,8,live,live,0
BR2,2,Pre,1,rxb,8,7,live,live,0
BR2,2,Pre,1,rxb,18,12,live,live,0
BR2,2,Pre,1,rxb,10,7,live,live,0
BR2,2,Pre,1,rxb,11,8,live,live,0
BR2,2,Pre,1,rxb,11,9,live,live,0
BR2,2,Pre,1,rxb,10,2,live,live,0
BR2,2,Pre,1,rxb,10,8,live,live,0
BR2,2,Pre,1,rxb,11,7,live,live,0
BR2,2,Pre,1,rxb,1,2,live,dead,1
BR3,2,Pre,1,rxb,19,10,live,live,0
BR3,2,Pre,1,rxb,21,11,live,live,0
BR3,2,Pre,1,rxb,10,6,live,live,0
BR3,2,Pre,1,rxb,2,3,live,dead,1
BR3,2,Pre,1,rxb,1,2,live,dead,1
BR3,2,Pre,1,rxb,22,9,live,live,0
BR3,2,Pre,1,rxb,2,2,live,dead,1
BR3,2,Pre,1,rxb,23,12,live,live,0
BR3,2,Pre,1,rxb,18,9,live,live,0
BR3,2,Pre,1,rxb,10,3,live,live,0
BR3,2,Pre,1,rxb,8,5,live,live,0
BR3,2,Pre,1,rxb,14,7,live,live,0
BR3,2,Pre,1,rxb,18,10,live,live,0
BS1,1,Pre,1,rxb,3,7,live,live,0
BS1,1,Pre,1,rxb,4,3,live,live,0
BS1,1,Pre,1,rxb,8,8,live,live,0
BS1,1,Pre,1,rxb,7,8,live,live,0
BS1,1,Pre,1,rxb,2,2,live,live,0
BS1,1,Pre,1,rxb,2,2,live,live,0
BS1,1,Pre,1,rxb,3,3,live,live,0
BS1,1,Pre,1,rxb,3,3,live,live,0
BS1,1,Pre,1,rxb,4,3,live,live,0
BS1,1,Pre,1,rxb,2,2,live,live,0
BS1,1,Pre,1,rxb,3,3,live,live,0
BS1,1,Pre,1,rxb,7,7,live,live,0
BS1,1,Pre,1,rxb,2,2,live,live,0
BS1,1,Pre,1,rxb,3,4,live,live,0
BS1,1,Pre,1,rxb,2,3,live,live,0
BS1,1,Pre,1,rxb,2,2,live,live,0
BS1,1,Pre,1,rxb,17,13,live,live,0
BS1,1,Pre,1,rxb,9,8,live,live,0
BS1,1,Pre,1,rxb,2,2,live,live,0
BS1,1,Pre,1,rxb,2,2,live,live,0
BS1,1,Pre,1,rxb,2,2,live,live,0
BS1,1,Pre,1,rxb,10,9,live,live,0
BS1,1,Pre,1,rxb,18,13,live,live,0
BS1,1,Pre,1,rxb,9,9,live,live,0
BS1,1,Pre,1,rxb,5,3,live,live,0
BS1,1,Pre,1,rxb,27,17,live,live,0
BS1,1,Pre,1,rxb,31,18,live,live,0
BS1,1,Pre,1,rxb,38,19,live,live,0
BS1,1,Pre,1,rxb,3,3,live,live,0
BS1,1,Pre,1,rxb,10,4,live,live,0
BS1,1,Pre,1,rxb,2,3,live,live,0
BS1,1,Pre,1,rxb,2,3,live,live,0
BS1,1,Pre,1,rxb,3,3,live,live,0
BS1,1,Pre,1,rxb,2,3,live,live,0
BS1,1,Pre,1,rxb,2,2,live,live,0
BTR1,1,Pre,1,rxb,19,16,live,live,0
BTR1,1,Pre,1,rxb,30,13,live,live,0
BTR1,1,Pre,1,rxb,17,16,live,live,0
BTR1,1,Pre,1,rxb,14,15,live,live,0
BTR1,1,Pre,1,rxb,15,14,live,live,0
BTR1,1,Pre,1,rxb,14,15,live,live,0
BTR1,1,Pre,1,rxb,20,17,live,live,0
BTR1,1,Pre,1,rxb,14,13,live,live,0
BTR1,1,Pre,1,rxb,24,16,live,live,0
BTR1,1,Pre,1,rxb,14,15,live,live,0
BTR1,1,Pre,1,rxb,13,13,live,live,0
BTR1,1,Pre,1,rxb,15,15,live,live,0
BTR1,1,Pre,1,rxb,9,13,live,live,0
BTR1,1,Pre,1,rxb,15,14,live,live,0
BTR1,1,Pre,1,rxb,17,15,live,live,0
BTR1,1,Pre,1,rxb,17,12,live,live,0
BTR1,1,Pre,1,rxb,13,16,live,live,0
BTR1,1,Pre,1,rxb,22,18,live,dead,1
BTR1,1,Pre,1,rxb,13,16,live,live,0
BTR1,1,Pre,1,rxb,14,15,live,live,0
BTR1,1,Pre,1,rxb,10,13,live,live,0
BTR1,1,Pre,1,rxb,19,17,live,live,0
BTR1,1,Pre,1,rxb,17,16,live,live,0
BTR1,1,Pre,1,rxb,12,13,live,live,0
BTR1,1,Pre,1,rxb,14,14,live,live,0
BTR2,1,Pre,1,rxb,48,20,live,live,0
BTR2,1,Pre,1,rxb,14,14,live,live,0
BTR2,1,Pre,1,rxb,19,16,live,live,0
BTR2,1,Pre,1,rxb,5,4,live,dead,1
BTR2,1,Pre,1,rxb,10,10,live,live,0
BTR2,1,Pre,1,rxb,18,15,live,live,0
BTR2,1,Pre,1,rxb,8,5,live,dead,1
BTR2,1,Pre,1,rxb,23,16,live,live,0
BTR2,1,Pre,1,rxb,6,6,live,live,0
BTR2,1,Pre,1,rxb,15,15,live,live,0
BTR2,1,Pre,1,rxb,38,16,live,live,0
BTR2,1,Pre,1,rxb,15,14,live,live,0
BTR2,1,Pre,1,rxb,14,14,live,live,0
BTR2,1,Pre,1,rxb,11,11,live,live,0
BTR2,1,Pre,1,rxb,16,14,live,live,0
BTR2,1,Pre,1,rxb,16,14,live,live,0
BTR2,1,Pre,1,rxb,14,13,live,live,0
BTR2,1,Pre,1,rxb,18,15,live,live,0
BTR3,1,Pre,1,rxb,20,15,live,live,0
BTR3,1,Pre,1,rxb,14,11,live,dead,1
BTR3,1,Pre,1,rxb,19,15,live,live,0
BTR3,1,Pre,1,rxb,19,16,live,live,0
BTR3,1,Pre,1,rxb,19,16,live,live,0
BTR3,1,Pre,1,rxb,11,12,live,live,0
BTR3,1,Pre,1,rxb,14,15,live,live,0
BTR3,1,Pre,1,rxb,9,10,live,live,0
BTR3,1,Pre,1,rxb,8,7,live,live,0
BTR3,1,Pre,1,rxb,10,12,live,live,0
BTR3,1,Pre,1,rxb,17,16,live,live,0
BTR3,1,Pre,1,rxb,15,15,live,live,0
BTR3,1,Pre,1,rxb,19,16,live,live,0
BTR3,1,Pre,1,rxb,23,17,live,live,0
BTR3,1,Pre,1,rxb,15,16,live,live,0
BTR3,1,Pre,1,rxb,10,10,live,live,0
BTR3,1,Pre,1,rxb,11,12,live,live,0
BTR3,1,Pre,1,rxb,12,14,live,live,0
BTR3,1,Pre,1,rxb,12,14,live,live,0
BTR3,1,Pre,1,rxb,11,14,live,live,0
BTR3,1,Pre,1,rxb,19,15,live,live,0
BTR3,1,Pre,1,rxb,10,10,live,live,0
BTR3,1,Pre,1,rxb,11,16,live,live,0
BTR3,1,Pre,1,rxb,22,16,live,live,0
CB1,1,Pre,1,rxb,7,4,live,live,0
CB1,1,Pre,1,rxb,4,4,live,live,0
CB1,1,Pre,1,rxb,4,4,live,live,0
CB1,1,Pre,1,rxb,31,13,live,live,0
CB1,1,Pre,1,rxb,3,4,live,live,0
CB1,1,Pre,1,rxb,4,4,live,live,0
CB1,1,Pre,1,rxb,8,6,live,live,0
CB1,1,Pre,1,rxb,18,12,live,live,0
CB1,1,Pre,1,rxb,27,16,live,live,0
CB1,1,Pre,1,rxb,6,5,live,live,0
CB1,1,Pre,1,rxb,21,14,live,live,0
CB1,1,Pre,1,rxb,4,4,live,live,0
CB1,1,Pre,1,rxb,4,3,live,live,0
CB1,1,Pre,1,rxb,3,3,live,dead,1
CB1,1,Pre,1,rxb,7,6,live,live,0
CB1,1,Pre,1,rxb,9,6,live,live,0
CB1,1,Pre,1,rxb,3,4,live,dead,1
CB1,1,Pre,1,rxb,4,5,live,live,0
CB1,1,Pre,1,rxb,6,6,live,live,0
CB1,1,Pre,1,rxb,10,8,live,live,0
CB1,1,Pre,1,rxb,29,15,live,live,0
CB1,1,Pre,1,rxb,14,11,live,live,0
CB1,1,Pre,1,rxb,20,12,live,live,0
CB1,1,Pre,1,rxb,9,8,live,live,0
CB1,1,Pre,1,rxb,6,5,live,live,0
CB1,1,Pre,1,rxb,25,12,live,live,0
CB1,1,Pre,1,rxb,21,14,live,live,0
CB2,1,Post+1,1,rxb,11,7,live,live,0
CB2,1,Post+1,1,rxb,9,5,live,live,0
CB2,1,Post+1,1,rxb,4,5,live,live,0
CB2,1,Post+1,1,rxb,5,5,live,live,0
CB2,1,Post+1,1,rxb,3,3,live,live,0
CB2,1,Post+1,1,rxb,4,5,live,live,0
CB2,1,Post+1,1,rxb,11,7,live,live,0
CB2,1,Post+1,1,rxb,15,3,live,live,0
CB2,1,Post+1,1,rxb,16,8,live,live,0
CB2,1,Post+1,1,rxb,15,5,live,live,0
CB2,1,Post+1,1,rxb,5,6,live,live,0
CB2,1,Post+1,1,rxb,11,7,live,live,0
CB2,1,Post+1,1,rxb,5,6,live,live,0
CB2,1,Post+1,1,rxb,20,11,live,live,0
CB2,1,Post+1,1,rxb,8,5,live,live,0
CB2,1,Post+1,1,rxb,29,14,live,live,0
CB2,1,Post+1,1,rxb,18,10,live,live,0
CB2,1,Post+1,1,rxb,13,12,live,live,0
CB2,1,Post+1,1,rxb,4,3,live,live,0
CB2,1,Post+1,1,rxb,7,5,live,live,0
CB2,1,Post+1,1,rxb,12,8,live,live,0
CB2,1,Post+1,1,rxb,7,5,live,live,0
CB2,1,Post+1,1,rxb,13,10,live,live,0
CB3,1,Post+1,1,rxb,4,6,live,live,0
CB3,1,Post+1,1,rxb,3,2,live,live,0
CB3,1,Post+1,1,rxb,5,5,live,live,0
CB3,1,Post+1,1,rxb,8,5,live,live,0
CB3,1,Post+1,1,rxb,9,8,live,live,0
CB3,1,Post+1,1,rxb,5,4,live,live,0
CB3,1,Post+1,1,rxb,5,4,live,live,0
CB3,1,Post+1,1,rxb,17,11,live,live,0
CB3,1,Post+1,1,rxb,6,5,live,live,0
CB3,1,Post+1,1,rxb,4,3,live,dead,1
CB3,1,Post+1,1,rxb,5,3,live,live,0
CB3,1,Post+1,1,rxb,11,8,live,live,0
CB3,1,Post+1,1,rxb,4,2,live,live,0
CB3,1,Post+1,1,rxb,3,3,live,dead,1
CB3,1,Post+1,1,rxb,17,11,live,live,0
CB3,1,Post+1,1,rxb,18,11,live,live,0
CB3,1,Post+1,1,rxb,26,13,live,live,0
CB3,1,Post+1,1,rxb,10,9,live,live,0
CB3,1,Post+1,1,rxb,12,9,live,live,0
CB3,1,Post+1,1,rxb,5,5,live,live,0
CB3,1,Post+1,1,rxb,4,2,live,live,0
CB3,1,Post+1,1,rxb,32,14,live,live,0
CB3,1,Post+1,1,rxb,4,2,live,dead,1
CB3,1,Post+1,1,rxb,7,7,live,live,0
CB3,1,Post+1,1,rxb,4,6,live,live,0
CB3,1,Post+1,1,rxb,24,12,live,live,0
CB3,1,Post+1,1,rxb,3,2,live,live,0
CB3,1,Post+1,1,rxb,3,4,live,live,0
CB3,1,Post+1,1,rxb,5,3,live,live,0
CB3,1,Post+1,1,rxb,6,6,live,live,0
CB3,1,Post+1,1,rxb,7,3,live,live,0
CB3,1,Post+1,1,rxb,23,10,live,live,0
CB3,1,Post+1,1,rxb,7,4,live,live,0
CB3,1,Post+1,1,rxb,5,2,live,live,0
CB3,1,Post+1,1,rxb,4,3,live,live,0
CB3,1,Post+1,1,rxb,4,4,live,live,0
CB3,1,Post+1,1,rxb,4,3,live,live,0
CB3,1,Post+1,1,rxb,6,6,live,live,0
CB3,1,Post+1,1,rxb,3,2,live,live,0
CB3,1,Post+1,1,rxb,7,6,live,live,0
CONWF1,8,Plus 1,1,wf,24,16,live,live,0
CONWF1,8,Plus 1,1,wf,21,14,live,live,0
CONWF1,8,Plus 1,1,wf,10,11,live,dead,1
CONWF1,8,Plus 1,1,wf,16,13,live,live,0
CONWF1,8,Plus 1,1,wf,11,9,live,dead,1
CONWF1,8,Plus 1,1,wf,18,15,live,dead,1
CONWF1,8,Plus 1,1,wf,13,12,live,live,0
CONWF1,8,Plus 1,1,wf,22,15,live,live,0
CONWF1,8,Plus 1,1,wf,11,11,live,dead,1
CONWF1,8,Plus 1,1,wf,15,13,live,dead,1
CONWF1,8,Plus 1,1,wf,23,16,live,live,0
CONWF1,8,Plus 1,1,wf,14,14,live,dead,1
CONWF1,8,Plus 1,1,wf,21,15,live,live,0
CONWF1,8,Plus 1,1,wf,15,14,live,live,0
CONWF1,8,Plus 1,1,wf,8,11,live,dead,1
CONWF1,8,Plus 1,1,wf,18,14,live,dead,1
CONWF1,8,Plus 1,1,wf,9,8,live,dead,1
CONWF1,8,Plus 1,1,wf,7,9,live,dead,1
CONWF1,8,Plus 1,1,wf,10,11,live,dead,1
CONWF1,8,Plus 1,1,wf,5,4,live,dead,1
CONWF1,8,Plus 1,1,wf,14,13,live,live,0
CONWF1,8,Plus 1,1,wf,9,12,live,dead,1
CONWF1,8,Plus 1,1,wf,18,13,live,live,0
CONWF1,8,Plus 1,1,wf,24,15,live,live,0
CONWF1,8,Plus 1,1,wf,14,13,live,dead,1
CONWF1,8,Plus 1,1,wf,7,8,live,dead,1
CONWF1,8,Plus 1,1,wf,9,11,live,dead,1
CONWF1,8,Plus 1,1,wf,23,15,live,live,0
CONWF1,8,Plus 1,1,wf,7,3,live,dead,1
CONWF1,8,Plus 1,1,wf,6,5,live,dead,1
CONWF1,8,Plus 1,1,wf,7,4,live,dead,1
CONWF1,8,Plus 1,1,wf,14,13,live,live,0
CONWF1,8,Plus 1,1,wf,21,15,live,live,0
CONWF1,8,Plus 1,1,wf,8,5,live,dead,1
CONWF1,8,Plus 1,1,wf,14,12,live,dead,1
CONWF3,6,Plus 1,1,wf,12,13,live,live,0
CONWF3,6,Plus 1,1,wf,11,11,live,dead,1
CONWF3,6,Plus 1,1,wf,10,13,live,dead,1
CONWF3,6,Plus 1,1,wf,7,9,live,dead,1
CONWF3,6,Plus 1,1,wf,14,13,live,live,0
CONWF3,6,Plus 1,1,wf,13,14,live,live,0
CONWF3,6,Plus 1,1,wf,15,13,live,live,0
CONWF3,6,Plus 1,1,wf,12,11,live,dead,1
CONWF3,6,Plus 1,1,wf,21,12,live,live,0
CONWF3,6,Plus 1,1,wf,14,12,live,live,0
CONWF3,6,Plus 1,1,wf,7,6,live,dead,1
CONWF3,6,Plus 1,1,wf,19,13,live,live,0
CONWF3,6,Plus 1,1,wf,9,11,live,dead,1
CONWF3,6,Plus 1,1,wf,6,7,live,dead,1
CONWF3,6,Plus 1,1,wf,12,12,live,dead,1
CONWF3,6,Plus 1,1,wf,17,14,live,live,0
CONWF3,6,Plus 1,1,wf,15,13,live,dead,1
CONWF3,6,Plus 1,1,wf,12,11,live,dead,1
CONWF3,6,Plus 1,1,wf,15,11,live,live,0
CONWF3,6,Plus 1,1,wf,2,4,live,dead,1
CONWF3,6,Plus 1,1,wf,12,12,live,dead,1
CONWF3,6,Plus 1,1,wf,20,13,live,live,0
CONWF3,6,Plus 1,1,wf,14,13,live,live,0
CONWF3,6,Plus 1,1,wf,11,12,live,dead,1
CONWF3,6,Plus 1,1,wf,17,13,live,live,0
CONWF3,6,Plus 1,1,wf,17,13,live,live,0
CONWF3,6,Plus 1,1,wf,13,13,live,dead,1
CONWF3,6,Plus 1,1,wf,12,11,live,live,0
CONWF5,7,Plus 1,1,wf,7,8,live,dead,1
CONWF5,7,Plus 1,1,wf,9,11,live,dead,1
CONWF5,7,Plus 1,1,wf,10,8,live,dead,1
CONWF5,7,Plus 1,1,wf,15,12,live,dead,1
CONWF5,7,Plus 1,1,wf,18,13,live,live,0
CONWF5,7,Plus 1,1,wf,5,2,live,dead,1
CONWF5,7,Plus 1,1,wf,9,10,live,dead,1
CONWF5,7,Plus 1,1,wf,21,15,live,live,0
CONWF5,7,Plus 1,1,wf,22,15,live,live,0
CONWF5,7,Plus 1,1,wf,11,11,live,dead,1
CONWF5,7,Plus 1,1,wf,7,8,live,dead,1
CONWF5,7,Plus 1,1,wf,8,11,live,dead,1
CONWF5,7,Plus 1,1,wf,13,12,live,dead,1
CONWF5,7,Plus 1,1,wf,13,11,live,live,0
CONWF5,7,Plus 1,1,wf,20,14,live,live,0
CONWF5,7,Plus 1,1,wf,14,13,live,live,0
CONWF5,7,Plus 1,1,wf,15,13,live,live,0
CONWF5,7,Plus 1,1,wf,20,14,live,live,0
CONWF5,7,Plus 1,1,wf,5,5,live,dead,1
CONWF5,7,Plus 1,1,wf,21,13,live,live,0
CONWF5,7,Plus 1,1,wf,9,9,live,dead,1
CONWF5,7,Plus 1,1,wf,27,15,live,live,0
CONWF5,7,Plus 1,1,wf,12,12,live,dead,1
CONWF5,7,Plus 1,1,wf,11,11,live,dead,1
CONWF5,7,Plus 1,1,wf,16,11,live,live,0
CONWF5,7,Plus 1,1,wf,22,14,live,live,0
CONWF5,7,Plus 1,1,wf,23,14,live,live,0
CONWF5,7,Plus 1,1,wf,13,12,live,dead,1
CONWF5,7,Plus 1,1,wf,13,12,live,dead,1
CRRDSWF02,5,Plus 1,1,wf,24,12,live,live,0
CRRDSWF02,5,Plus 1,1,wf,6,6,live,dead,1
CRRDSWF02,5,Plus 1,1,wf,9,6,live,dead,1
CRRDSWF02,5,Plus 1,1,wf,15,8,live,live,0
CRRDSWF02,5,Plus 1,1,wf,7,3,live,dead,1
CRRDSWF02,5,Plus 1,1,wf,9,6,live,dead,1
CRRDSWF02,5,Plus 1,1,wf,8,6,live,live,0
CRRDSWF02,5,Plus 1,1,wf,5,3,live,dead,1
CRRDSWF02,5,Plus 1,1,wf,5,4,live,dead,1
CRRDSWF02,5,Plus 1,1,wf,12,6,live,live,0
CRRDSWF02,5,Plus 1,1,wf,4,2,live,dead,1
CRRDSWF02,5,Plus 1,1,wf,18,3,live,live,0
CRRDSWF02,5,Plus 1,1,wf,12,9,live,live,0
CRRDSWF02,5,Plus 1,1,wf,15,10,live,live,0
CRRDSWF02,5,Plus 1,1,wf,14,10,live,live,0
CRRDSWF02,5,Plus 1,1,wf,9,6,live,live,0
CRRDSWF02,5,Plus 1,1,wf,5,3,live,dead,1
CRRDSWF02,5,Plus 1,1,wf,21,12,live,live,0
CRRDSWF02,5,Plus 1,1,wf,8,6,live,dead,1
CRRDSWF02,5,Plus 1,1,wf,13,7,live,live,0
CRRDSWF04,4,Plus 1,1,wf,18,12,live,live,0
CRRDSWF04,4,Plus 1,1,wf,9,14,live,live,0
CRRDSWF04,4,Plus 1,1,wf,12,8,live,live,0
CRRDSWF04,4,Plus 1,1,wf,8,9,live,dead,1
CRRDSWF04,4,Plus 1,1,wf,8,9,live,live,0
CRRDSWF04,4,Plus 1,1,wf,10,9,live,live,0
CRRDSWF04,4,Plus 1,1,wf,32,12,live,live,0
CRRDSWF04,4,Plus 1,1,wf,4,4,live,dead,1
CRRDSWF04,4,Plus 1,1,wf,8,5,live,live,0
CRRDSWF04,4,Plus 1,1,wf,4,3,live,dead,1
CRRDSWF04,4,Plus 1,1,wf,4,3,live,dead,1
CRRDSWF04,4,Plus 1,1,wf,4,3,live,dead,1
CRRDSWF04,4,Plus 1,1,wf,24,11,live,live,0
CRRDSWF04,4,Plus 1,1,wf,13,12,live,live,0
CRRDSWF04,4,Plus 1,1,wf,5,4,live,dead,1
CRRDSWF04,4,Plus 1,1,wf,6,4,live,dead,1
CRRDSWF04,4,Plus 1,1,wf,19,13,live,live,0
CRRDSWF04,4,Plus 1,1,wf,5,3,live,dead,1
CRRDSWF04,4,Plus 1,1,wf,4,3,live,dead,1
CRRDSWF04,4,Plus 1,1,wf,3,3,live,dead,1
CRRDSWF04,4,Plus 1,1,wf,14,10,live,live,0
CRRDSWF04,4,Plus 1,1,wf,27,13,live,live,0
CRRDSWF04,4,Plus 1,1,wf,4,4,live,dead,1
CRRDSWF04,4,Plus 1,1,wf,14,11,live,live,0
CRRDSWF04,4,Plus 1,1,wf,8,8,live,dead,1
CRRDSWF04,4,Plus 1,1,wf,19,12,live,dead,1
CRRDSWF04,4,Plus 1,1,wf,15,10,live,dead,1
CRRDSWF04,4,Plus 1,1,wf,23,11,live,live,0
CRRDSWF04,4,Plus 1,1,wf,7,7,live,dead,1
CRRDSWF04,4,Plus 1,1,wf,12,10,live,live,0
CRRDSWF06,7,Plus 1,1,wf,7,6,live,dead,1
CRRDSWF06,7,Plus 1,1,wf,5,4,live,dead,1
CRRDSWF06,7,Plus 1,1,wf,27,10,live,live,0
CRRDSWF06,7,Plus 1,1,wf,15,10,live,dead,1
CRRDSWF06,7,Plus 1,1,wf,4,4,live,dead,1
CRRDSWF06,7,Plus 1,1,wf,3,3,live,dead,1
CRRDSWF06,7,Plus 1,1,wf,11,8,live,dead,1
CRRDSWF06,7,Plus 1,1,wf,10,8,live,dead,1
CRRDSWF06,7,Plus 1,1,wf,14,8,live,dead,1
CRRDSWF06,7,Plus 1,1,wf,4,3,live,dead,1
CRRDSWF06,7,Plus 1,1,wf,4,3,live,dead,1
CRRDSWF06,7,Plus 1,1,wf,7,6,live,dead,1
CRRDSWF06,7,Plus 1,1,wf,6,6,live,dead,1
CRRDSWF06,7,Plus 1,1,wf,10,9,live,dead,1
CRRDSWF06,7,Plus 1,1,wf,7,3,live,dead,1
CRRDSWF06,7,Plus 1,1,wf,6,6,live,dead,1
CRRDSWF06,7,Plus 1,1,wf,10,7,live,dead,1
CRRDSWF06,7,Plus 1,1,wf,13,8,live,live,0
CRRDSWF06,7,Plus 1,1,wf,11,7,live,dead,1
CRRDSWF06,7,Plus 1,1,wf,7,7,live,dead,1
CRRDSWF06,7,Plus 1,1,wf,7,6,live,dead,1
CRRDSWF06,7,Plus 1,1,wf,6,3,live,dead,1
CRRDSWF06,7,Plus 1,1,wf,6,5,live,dead,1
CRRDSWF06,7,Plus 1,1,wf,8,4,live,dead,1
CRRDSWF06,7,Plus 1,1,wf,5,5,live,dead,1
CRRDSWF06,7,Plus 1,1,wf,4,5,live,dead,1
CRRDSWF06,7,Plus 1,1,wf,3,5,live,dead,1
CRRDSWF06,7,Plus 1,1,wf,18,10,live,live,0
CRRDSWF06,7,Plus 1,1,wf,7,6,live,dead,1
CRRDSWF06,7,Plus 1,1,wf,12,8,live,live,0
CRRDSWF06,7,Plus 1,1,wf,4,3,live,dead,1
CRRDSWF06,7,Plus 1,1,wf,11,8,live,dead,1
CRRDSWF06,7,Plus 1,1,wf,9,5,live,dead,1
CRRDSWF06,7,Plus 1,1,wf,4,5,live,dead,1
CS1,3,Pre,1,rxb,3,2,live,live,0
CS1,3,Pre,1,rxb,5,4,live,live,0
CS1,3,Pre,1,rxb,16,10,live,live,0
CS1,3,Pre,1,rxb,17,11,live,live,0
CS1,3,Pre,1,rxb,9,9,live,live,0
CS1,3,Pre,1,rxb,19,12,live,live,0
CS1,3,Pre,1,rxb,9,7,live,live,0
CS1,3,Pre,1,rxb,10,10,live,live,0
CS1,3,Pre,1,rxb,15,11,live,live,0
CS1,3,Pre,1,rxb,22,12,live,live,0
CS1,3,Pre,1,rxb,14,9,live,live,0
CS1,3,Pre,1,rxb,9,9,live,live,0
CS1,3,Pre,1,rxb,21,11,live,live,0
CS1,3,Pre,1,rxb,8,3,live,live,0
CS1,3,Pre,1,rxb,15,11,live,live,0
CS1,3,Pre,1,rxb,14,11,live,live,0
CS1,3,Pre,1,rxb,4,6,live,live,0
CS1,3,Pre,1,rxb,2,3,live,live,0
CS1,3,Pre,1,rxb,13,13,live,live,0
CS1,3,Pre,1,rxb,12,11,live,live,0
CS1,3,Pre,1,rxb,15,12,live,live,0
CS1,3,Pre,1,rxb,13,11,live,live,0
CS1,3,Pre,1,rxb,12,11,live,live,0
CS1,3,Pre,1,rxb,8,10,live,live,0
CS1,3,Pre,1,rxb,10,4,live,live,0
CS1,3,Pre,1,rxb,17,12,live,live,0
CS1,3,Pre,1,rxb,11,12,live,live,0
CS2,2,Pre,1,rxb,28,13,live,live,0
CS2,2,Pre,1,rxb,7,6,live,live,0
CS2,2,Pre,1,rxb,5,3,live,live,0
CS2,2,Pre,1,rxb,14,12,live,live,0
CS2,2,Pre,1,rxb,12,11,live,live,0
CS2,2,Pre,1,rxb,25,13,live,live,0
CS2,2,Pre,1,rxb,23,13,live,live,0
CS2,2,Pre,1,rxb,7,6,live,live,0
CS2,2,Pre,1,rxb,6,4,live,live,0
CS2,2,Pre,1,rxb,12,10,live,live,0
CS2,2,Pre,1,rxb,11,9,live,live,0
CS2,2,Pre,1,rxb,13,8,live,live,0
CS2,2,Pre,1,rxb,22,12,live,live,0
CS2,2,Pre,1,rxb,21,11,live,live,0
CS2,2,Pre,1,rxb,14,8,live,live,0
CS2,2,Pre,1,rxb,25,11,live,live,0
CS3,3,Pre,1,rxb,6,4,live,live,0
CS3,3,Pre,1,rxb,4,4,live,live,0
CS3,3,Pre,1,rxb,7,8,live,live,0
CS3,3,Pre,1,rxb,11,8,live,live,0
CS3,3,Pre,1,rxb,8,5,live,live,0
CS3,3,Pre,1,rxb,5,3,live,live,0
CS3,3,Pre,1,rxb,6,7,live,live,0
CS3,3,Pre,1,rxb,21,12,live,live,0
CS3,3,Pre,1,rxb,8,5,live,live,0
CS3,3,Pre,1,rxb,8,6,live,live,0
CS3,3,Pre,1,rxb,5,6,live,live,0
CS3,3,Pre,1,rxb,2,3,live,live,0
CS3,3,Pre,1,rxb,7,8,live,live,0
CS3,3,Pre,1,rxb,2,2,live,live,0
CS3,3,Pre,1,rxb,4,4,live,live,0
CS3,3,Pre,1,rxb,7,4,live,live,0
CS3,3,Pre,1,rxb,14,9,live,live,0
CS3,3,Pre,1,rxb,4,4,live,live,0
CS3,3,Pre,1,rxb,8,8,live,live,0
CS3,3,Pre,1,rxb,4,4,live,live,0
CS3,3,Pre,1,rxb,9,8,live,live,0
CS3,3,Pre,1,rxb,3,3,live,live,0
CS3,3,Pre,1,rxb,4,5,live,live,0
CS3,3,Pre,1,rxb,8,9,live,live,0
CS3,3,Pre,1,rxb,5,5,live,live,0
CS3,3,Pre,1,rxb,3,3,live,live,0
CS3,3,Pre,1,rxb,11,9,live,live,0
CS3,3,Pre,1,rxb,10,7,live,live,0
CS3,3,Pre,1,rxb,6,6,live,live,0
CS3,3,Pre,1,rxb,6,7,live,live,0
CS3,3,Pre,1,rxb,8,8,live,live,0
CS3,3,Pre,1,rxb,9,7,live,live,0
CS3,3,Pre,1,rxb,7,7,live,live,0
CS3,3,Pre,1,rxb,6,7,live,live,0
CS3,3,Pre,1,rxb,9,7,live,live,0
CS3,3,Pre,1,rxb,8,8,live,live,0
CS3,3,Pre,1,rxb,10,8,live,live,0
CS3,3,Pre,1,rxb,14,9,live,live,0
CS3,3,Pre,1,rxb,8,7,live,live,0
CS3,3,Pre,1,rxb,9,9,live,live,0
CS3,3,Pre,1,rxb,7,8,live,live,0
CS3,3,Pre,1,rxb,9,9,live,live,0
CS3,3,Pre,1,rxb,3,4,live,live,0
CS3,3,Pre,1,rxb,10,8,live,live,0
CS3,3,Pre,1,rxb,5,5,live,live,0
CS3,3,Pre,1,rxb,3,7,live,live,0
CS3,3,Pre,1,rxb,5,6,live,live,0
CS3,3,Pre,1,rxb,9,8,live,live,0
CS3,3,Pre,1,rxb,7,8,live,live,0
CS3,3,Pre,1,rxb,11,8,live,live,0
CS3,3,Pre,1,rxb,15,9,live,live,0
CS3,3,Pre,1,rxb,14,10,live,live,0
CS3,3,Pre,1,rxb,3,2,live,live,0
CS3,3,Pre,1,rxb,5,2,live,live,0
CS3,3,Pre,1,rxb,7,7,live,live,0
CS3,3,Pre,1,rxb,9,9,live,live,0
CS3,3,Pre,1,rxb,11,8,live,live,0
CS3,3,Pre,1,rxb,7,7,live,live,0
CS3,3,Pre,1,rxb,6,8,live,live,0
CS3,3,Pre,1,rxb,9,7,live,live,0
CS3,3,Pre,1,rxb,19,11,live,live,0
CS3,3,Pre,1,rxb,5,7,live,live,0
CS3,3,Pre,1,rxb,5,4,live,live,0
DB1,1,Pre,1,rxb,3,3,live,live,0
DB1,1,Pre,1,rxb,6,7,live,live,0
DB1,1,Pre,1,rxb,5,5,live,live,0
DB1,1,Pre,1,rxb,5,6,live,live,0
DB1,1,Pre,1,rxb,4,3,live,live,0
DB1,1,Pre,1,rxb,12,8,live,live,0
DB1,1,Pre,1,rxb,10,7,live,live,0
DB1,1,Pre,1,rxb,12,8,live,live,0
DB1,1,Pre,1,rxb,15,10,live,live,0
DB1,1,Pre,1,rxb,12,7,live,live,0
DB1,1,Pre,1,rxb,6,3,live,live,0
DB1,1,Pre,1,rxb,3,3,live,live,0
DB1,1,Pre,1,rxb,10,7,live,live,0
DB1,1,Pre,1,rxb,9,9,live,live,0
DB1,1,Pre,1,rxb,16,10,live,live,0
DB1,1,Pre,1,rxb,11,8,live,live,0
DB1,1,Pre,1,rxb,6,6,live,live,0
DB1,1,Pre,1,rxb,11,8,live,live,0
DB1,1,Pre,1,rxb,13,8,live,live,0
DB1,1,Pre,1,rxb,10,8,live,live,0
DB1,1,Pre,1,rxb,4,4,live,live,0
DB1,1,Pre,1,rxb,6,5,live,live,0
DB1,1,Pre,1,rxb,4,4,live,live,0
DB1,1,Pre,1,rxb,7,7,live,live,0
DB1,1,Pre,1,rxb,5,6,live,live,0
DB1,1,Pre,1,rxb,9,8,live,live,0
DB1,1,Pre,1,rxb,4,5,live,live,0
DB1,1,Pre,1,rxb,9,8,live,live,0
DB1,1,Pre,1,rxb,5,6,live,live,0
DB1,1,Pre,1,rxb,8,6,live,live,0
DB1,1,Pre,1,rxb,5,6,live,live,0
DB1,1,Pre,1,rxb,6,7,live,live,0
DB1,1,Pre,1,rxb,9,8,live,live,0
DB1,1,Pre,1,rxb,14,9,live,live,0
DB1,1,Pre,1,rxb,5,6,live,live,0
DB1,1,Pre,1,rxb,9,7,live,live,0
DB1,1,Pre,1,rxb,8,7,live,live,0
DB1,1,Pre,1,rxb,5,6,live,live,0
DB1,1,Pre,1,rxb,7,7,live,live,0
DB1,1,Pre,1,rxb,11,8,live,live,0
DB1,1,Pre,1,rxb,4,6,live,live,0
DB1,1,Pre,1,rxb,8,8,live,live,0
DB1,1,Pre,1,rxb,9,8,live,live,0
DB1,1,Pre,1,rxb,4,4,live,live,0
DB1,1,Pre,1,rxb,8,8,live,live,0
DB1,1,Pre,1,rxb,11,8,live,live,0
DB1,1,Pre,1,rxb,16,9,live,live,0
DB1,1,Pre,1,rxb,9,8,live,live,0
DB1,1,Pre,1,rxb,3,5,live,live,0
DB1,1,Pre,1,rxb,3,3,live,live,0
DB1,1,Pre,1,rxb,6,7,live,live,0
DB1,1,Pre,1,rxb,5,5,live,live,0
DB1,1,Pre,1,rxb,5,6,live,live,0
DB1,1,Pre,1,rxb,4,3,live,live,0
DB1,1,Pre,1,rxb,12,8,live,live,0
DB1,1,Pre,1,rxb,10,7,live,live,0
DB1,1,Pre,1,rxb,12,8,live,live,0
DB1,1,Pre,1,rxb,15,10,live,live,0
DB1,1,Pre,1,rxb,12,7,live,live,0
DB1,1,Pre,1,rxb,6,3,live,live,0
DB1,1,Pre,1,rxb,3,3,live,live,0
DB1,1,Pre,1,rxb,10,7,live,live,0
DB1,1,Pre,1,rxb,9,9,live,live,0
DB1,1,Pre,1,rxb,16,10,live,live,0
DB1,1,Pre,1,rxb,11,8,live,live,0
DB1,1,Pre,1,rxb,6,6,live,live,0
DB1,1,Pre,1,rxb,11,8,live,live,0
DB1,1,Pre,1,rxb,13,8,live,live,0
DB1,1,Pre,1,rxb,10,8,live,live,0
DB1,1,Pre,1,rxb,4,4,live,live,0
DB1,1,Pre,1,rxb,6,5,live,live,0
DB1,1,Pre,1,rxb,4,4,live,live,0
DB1,1,Pre,1,rxb,7,7,live,live,0
DB1,1,Pre,1,rxb,5,6,live,live,0
DB1,1,Pre,1,rxb,9,8,live,live,0
DB1,1,Pre,1,rxb,4,5,live,live,0
DB1,1,Pre,1,rxb,9,8,live,live,0
DB1,1,Pre,1,rxb,5,6,live,live,0
DB1,1,Pre,1,rxb,8,6,live,live,0
DB1,1,Pre,1,rxb,5,6,live,live,0
DB1,1,Pre,1,rxb,6,7,live,live,0
DB1,1,Pre,1,rxb,9,8,live,live,0
DB1,1,Pre,1,rxb,14,9,live,live,0
DB1,1,Pre,1,rxb,5,6,live,live,0
DB1,1,Pre,1,rxb,9,7,live,live,0
DB1,1,Pre,1,rxb,8,7,live,live,0
DB1,1,Pre,1,rxb,5,6,live,live,0
DB1,1,Pre,1,rxb,7,7,live,live,0
DB1,1,Pre,1,rxb,11,8,live,live,0
DB1,1,Pre,1,rxb,4,6,live,live,0
DB1,1,Pre,1,rxb,8,8,live,live,0
DB1,1,Pre,1,rxb,9,8,live,live,0
DB1,1,Pre,1,rxb,4,4,live,live,0
DB1,1,Pre,1,rxb,8,8,live,live,0
DB1,1,Pre,1,rxb,11,8,live,live,0
DB1,1,Pre,1,rxb,16,9,live,live,0
DB1,1,Pre,1,rxb,9,8,live,live,0
DB1,1,Pre,1,rxb,3,5,live,live,0
DB2,1,Post+1,1,rxb,6,5,live,live,0
DB2,1,Post+1,1,rxb,8,6,live,live,0
DB2,1,Post+1,1,rxb,3,3,live,live,0
DB2,1,Post+1,1,rxb,6,5,live,dead,1
DB2,1,Post+1,1,rxb,7,6,live,live,0
DB2,1,Post+1,1,rxb,3,2,live,live,0
DB2,1,Post+1,1,rxb,4,3,live,live,0
DB2,1,Post+1,1,rxb,12,8,live,live,0
DB2,1,Post+1,1,rxb,9,7,live,live,0
DB2,1,Post+1,1,rxb,9,8,live,live,0
DB2,1,Post+1,1,rxb,6,6,live,live,0
DB2,1,Post+1,1,rxb,12,8,live,live,0
DB2,1,Post+1,1,rxb,4,3,live,live,0
DB2,1,Post+1,1,rxb,7,7,live,live,0
DB2,1,Post+1,1,rxb,10,9,live,live,0
DB2,1,Post+1,1,rxb,9,9,live,live,0
DB2,1,Post+1,1,rxb,7,8,live,live,0
DB2,1,Post+1,1,rxb,7,7,live,live,0
DB2,1,Post+1,1,rxb,5,3,live,live,0
DB2,1,Post+1,1,rxb,4,3,live,live,0
DB2,1,Post+1,1,rxb,5,2,live,live,0
DB2,1,Post+1,1,rxb,11,7,live,live,0
DB2,1,Post+1,1,rxb,14,9,live,live,0
DB2,1,Post+1,1,rxb,11,7,live,live,0
DB2,1,Post+1,1,rxb,5,7,live,live,0
DB2,1,Post+1,1,rxb,8,8,live,live,0
DB2,1,Post+1,1,rxb,7,4,live,live,0
DB2,1,Post+1,1,rxb,9,6,live,live,0
DB2,1,Post+1,1,rxb,5,3,live,live,0
DB2,1,Post+1,1,rxb,10,9,live,live,0
DB2,1,Post+1,1,rxb,9,9,live,live,0
DB2,1,Post+1,1,rxb,3,3,live,live,0
DB2,1,Post+1,1,rxb,5,4,live,live,0
DB2,1,Post+1,1,rxb,10,8,live,live,0
DB2,1,Post+1,1,rxb,15,10,live,live,0
DB2,1,Post+1,1,rxb,6,7,live,live,0
DB2,1,Post+1,1,rxb,11,8,live,live,0
DB2,1,Post+1,1,rxb,9,6,live,live,0
DB2,1,Post+1,1,rxb,5,5,live,live,0
DB2,1,Post+1,1,rxb,10,7,live,live,0
DB2,1,Post+1,1,rxb,4,4,live,dead,1
DB2,1,Post+1,1,rxb,10,7,live,live,0
DB2,1,Post+1,1,rxb,7,6,live,live,0
DB2,1,Post+1,1,rxb,12,9,live,live,0
DB2,1,Post+1,1,rxb,7,7,live,live,0
DB2,1,Post+1,1,rxb,7,6,live,live,0
DB2,1,Post+1,1,rxb,3,3,live,dead,1
DB2,1,Post+1,1,rxb,9,8,live,live,0
DB2,1,Post+1,1,rxb,19,10,live,live,0
DB2,1,Post+1,1,rxb,9,6,live,live,0
DB2,1,Post+1,1,rxb,8,7,live,live,0
DB2,1,Post+1,1,rxb,5,5,live,live,0
DB2,1,Post+1,1,rxb,11,9,live,live,0
DB2,1,Post+1,1,rxb,5,3,live,live,0
DB2,1,Post+1,1,rxb,22,10,live,live,0
DB2,1,Post+1,1,rxb,11,6,live,live,0
DB2,1,Post+1,1,rxb,4,3,live,live,0
DB2,1,Post+1,1,rxb,14,9,live,live,0
DB2,1,Post+1,1,rxb,8,7,live,live,0
DB2,1,Post+1,1,rxb,3,3,live,dead,1
DB2,1,Post+1,1,rxb,13,9,live,live,0
DB2,1,Post+1,1,rxb,6,5,live,live,0
DB2,1,Post+1,1,rxb,9,6,live,live,0
DB2,1,Post+1,1,rxb,4,2,live,dead,1
DB2,1,Post+1,1,rxb,4,3,live,live,0
DB2,1,Post+1,1,rxb,18,9,live,live,0
DB2,1,Post+1,1,rxb,5,7,live,live,0
DB2,1,Post+1,1,rxb,8,7,live,live,0
DB2,1,Post+1,1,rxb,9,8,live,live,0
DB2,1,Post+1,1,rxb,3,3,live,live,0
DB2,1,Post+1,1,rxb,13,8,live,live,0
DB2,1,Post+1,1,rxb,8,7,live,live,0
DB2,1,Post+1,1,rxb,5,3,live,live,0
DB2,1,Post+1,1,rxb,17,9,live,live,0
DB2,1,Post+1,1,rxb,6,6,live,live,0
DB2,1,Post+1,1,rxb,7,6,live,live,0
DB2,1,Post+1,1,rxb,6,5,live,live,0
DB2,1,Post+1,1,rxb,11,9,live,live,0
DB2,1,Post+1,1,rxb,11,8,live,live,0
DB2,1,Post+1,1,rxb,6,6,live,live,0
DB3,1,Post+1,1,rxb,4,2,live,live,0
DB3,1,Post+1,1,rxb,5,4,live,live,0
DB3,1,Post+1,1,rxb,9,8,live,live,0
DB3,1,Post+1,1,rxb,5,8,live,dead,1
DB3,1,Post+1,1,rxb,10,10,live,live,0
DB3,1,Post+1,1,rxb,8,8,live,live,0
DB3,1,Post+1,1,rxb,6,6,live,live,0
DB3,1,Post+1,1,rxb,7,8,live,live,0
DB3,1,Post+1,1,rxb,4,4,live,dead,1
DB3,1,Post+1,1,rxb,7,9,live,live,0
DB3,1,Post+1,1,rxb,5,5,live,dead,1
DB3,1,Post+1,1,rxb,6,7,live,live,0
DB3,1,Post+1,1,rxb,7,7,live,live,0
DB3,1,Post+1,1,rxb,11,8,live,live,0
DB3,1,Post+1,1,rxb,6,7,live,live,0
DB3,1,Post+1,1,rxb,9,11,live,live,0
DB3,1,Post+1,1,rxb,6,7,live,live,0
DB3,1,Post+1,1,rxb,11,10,live,live,0
DB3,1,Post+1,1,rxb,9,8,live,live,0
DB3,1,Post+1,1,rxb,4,7,live,live,0
DB3,1,Post+1,1,rxb,12,10,live,dead,1
DB3,1,Post+1,1,rxb,6,8,live,live,0
DB3,1,Post+1,1,rxb,14,9,live,live,0
DB3,1,Post+1,1,rxb,4,5,live,dead,1
DB3,1,Post+1,1,rxb,6,6,live,dead,1
DB3,1,Post+1,1,rxb,10,9,live,live,0
DB3,1,Post+1,1,rxb,15,11,live,live,0
DB3,1,Post+1,1,rxb,10,10,live,live,0
DB3,1,Post+1,1,rxb,3,3,live,dead,1
DB3,1,Post+1,1,rxb,5,5,live,live,0
DB3,1,Post+1,1,rxb,3,3,live,dead,1
DB3,1,Post+1,1,rxb,6,5,live,live,0
DB3,1,Post+1,1,rxb,7,8,live,live,0
DB3,1,Post+1,1,rxb,4,5,live,live,0
DB3,1,Post+1,1,rxb,5,5,live,live,0
DB3,1,Post+1,1,rxb,6,7,live,live,0
DB3,1,Post+1,1,rxb,6,8,live,live,0
DB3,1,Post+1,1,rxb,8,8,live,live,0
DB3,1,Post+1,1,rxb,6,8,live,live,0
DB3,1,Post+1,1,rxb,10,9,live,live,0
DB3,1,Post+1,1,rxb,10,9,live,live,0
DB3,1,Post+1,1,rxb,7,8,live,live,0
DB3,1,Post+1,1,rxb,11,9,live,live,0
DB3,1,Post+1,1,rxb,12,10,live,live,0
DB3,1,Post+1,1,rxb,3,2,live,dead,1
DB3,1,Post+1,1,rxb,3,4,live,dead,1
DB3,1,Post+1,1,rxb,9,8,live,live,0
DB3,1,Post+1,1,rxb,9,8,live,live,0
DB3,1,Post+1,1,rxb,4,5,live,dead,1
DB3,1,Post+1,1,rxb,6,7,live,live,0
DB3,1,Post+1,1,rxb,12,10,live,live,0
DB3,1,Post+1,1,rxb,6,7,live,live,0
DB3,1,Post+1,1,rxb,7,7,live,live,0
DB3,1,Post+1,1,rxb,4,7,live,dead,1
DB3,1,Post+1,1,rxb,4,6,live,dead,1
DB3,1,Post+1,1,rxb,5,7,live,live,0
DB3,1,Post+1,1,rxb,4,3,live,dead,1
DB3,1,Post+1,1,rxb,8,9,live,live,0
DB3,1,Post+1,1,rxb,7,8,live,live,0
DB3,1,Post+1,1,rxb,9,9,live,live,0
DB3,1,Post+1,1,rxb,7,9,live,live,0
DB3,1,Post+1,1,rxb,7,9,live,live,0
DB3,1,Post+1,1,rxb,7,8,live,live,0
DB3,1,Post+1,1,rxb,9,9,live,live,0
DB3,1,Post+1,1,rxb,5,7,live,live,0
DB3,1,Post+1,1,rxb,7,8,live,live,0
DB3,1,Post+1,1,rxb,6,7,live,live,0
DB3,1,Post+1,1,rxb,8,9,live,live,0
DB3,1,Post+1,1,rxb,18,10,live,live,0
DB3,1,Post+1,1,rxb,9,8,live,live,0
DB3,1,Post+1,1,rxb,5,8,live,dead,1
DB3,1,Post+1,1,rxb,10,10,live,live,0
DB3,1,Post+1,1,rxb,8,8,live,live,0
DB3,1,Post+1,1,rxb,6,6,live,live,0
DB3,1,Post+1,1,rxb,7,8,live,live,0
DB3,1,Post+1,1,rxb,4,4,live,dead,1
DB3,1,Post+1,1,rxb,7,9,live,live,0
DB3,1,Post+1,1,rxb,5,5,live,dead,1
DB3,1,Post+1,1,rxb,6,7,live,live,0
DB3,1,Post+1,1,rxb,7,7,live,live,0
DB3,1,Post+1,1,rxb,11,8,live,live,0
DB3,1,Post+1,1,rxb,6,7,live,live,0
DB3,1,Post+1,1,rxb,9,11,live,live,0
DB3,1,Post+1,1,rxb,6,7,live,live,0
DB3,1,Post+1,1,rxb,11,10,live,live,0
DB3,1,Post+1,1,rxb,9,8,live,live,0
DB3,1,Post+1,1,rxb,4,7,live,live,0
DB3,1,Post+1,1,rxb,12,10,live,dead,1
DB3,1,Post+1,1,rxb,6,8,live,live,0
DB3,1,Post+1,1,rxb,14,9,live,live,0
DB3,1,Post+1,1,rxb,4,5,live,dead,1
DB3,1,Post+1,1,rxb,6,6,live,dead,1
DB3,1,Post+1,1,rxb,10,9,live,live,0
DB3,1,Post+1,1,rxb,15,11,live,live,0
DB3,1,Post+1,1,rxb,10,10,live,live,0
DB3,1,Post+1,1,rxb,3,3,live,dead,1
DB3,1,Post+1,1,rxb,5,5,live,live,0
DB3,1,Post+1,1,rxb,3,3,live,dead,1
DB3,1,Post+1,1,rxb,6,5,live,live,0
DB3,1,Post+1,1,rxb,7,8,live,live,0
DB3,1,Post+1,1,rxb,4,5,live,live,0
DB3,1,Post+1,1,rxb,5,5,live,live,0
DB3,1,Post+1,1,rxb,6,7,live,live,0
DB3,1,Post+1,1,rxb,6,8,live,live,0
DB3,1,Post+1,1,rxb,8,8,live,live,0
DB3,1,Post+1,1,rxb,6,8,live,live,0
DB3,1,Post+1,1,rxb,10,9,live,live,0
DB3,1,Post+1,1,rxb,10,9,live,live,0
DB3,1,Post+1,1,rxb,7,8,live,live,0
DB3,1,Post+1,1,rxb,11,9,live,live,0
DB3,1,Post+1,1,rxb,12,10,live,live,0
DB3,1,Post+1,1,rxb,3,2,live,dead,1
DB3,1,Post+1,1,rxb,3,4,live,dead,1
DB3,1,Post+1,1,rxb,9,8,live,live,0
DB3,1,Post+1,1,rxb,9,8,live,live,0
DB3,1,Post+1,1,rxb,4,5,live,dead,1
DB3,1,Post+1,1,rxb,6,7,live,live,0
DB3,1,Post+1,1,rxb,12,10,live,live,0
DB3,1,Post+1,1,rxb,6,7,live,live,0
DB3,1,Post+1,1,rxb,7,7,live,live,0
DB3,1,Post+1,1,rxb,4,7,live,dead,1
DB3,1,Post+1,1,rxb,4,6,live,dead,1
DB3,1,Post+1,1,rxb,5,7,live,live,0
DB3,1,Post+1,1,rxb,4,3,live,dead,1
DB3,1,Post+1,1,rxb,8,9,live,live,0
DB3,1,Post+1,1,rxb,7,8,live,live,0
DB3,1,Post+1,1,rxb,9,9,live,live,0
DB3,1,Post+1,1,rxb,7,9,live,live,0
DB3,1,Post+1,1,rxb,7,9,live,live,0
DB3,1,Post+1,1,rxb,7,8,live,live,0
DB3,1,Post+1,1,rxb,9,9,live,live,0
DB3,1,Post+1,1,rxb,5,7,live,live,0
DB3,1,Post+1,1,rxb,7,8,live,live,0
DB3,1,Post+1,1,rxb,6,7,live,live,0
DB3,1,Post+1,1,rxb,8,9,live,live,0
DB3,1,Post+1,1,rxb,18,10,live,live,0
DP1,1,Pre,1,rxb,8,5,live,live,0
DP1,1,Pre,1,rxb,26,13,live,live,0
DP1,1,Pre,1,rxb,18,12,live,live,0
DP1,1,Pre,1,rxb,33,16,live,live,0
DP1,1,Pre,1,rxb,21,12,live,live,0
DP1,1,Pre,1,rxb,15,11,live,live,0
DP1,1,Pre,1,rxb,27,15,live,live,0
DP1,1,Pre,1,rxb,8,7,live,live,0
DP1,1,Pre,1,rxb,20,13,live,live,0
ESR1,2,Pre,1,rxb,22,14,live,live,0
ESR1,2,Pre,1,rxb,5,4,live,live,0
ESR1,2,Pre,1,rxb,12,10,live,live,0
ESR1,2,Pre,1,rxb,11,8,live,live,0
ESR1,2,Pre,1,rxb,4,3,live,live,0
ESR1,2,Pre,1,rxb,2,3,live,live,0
ESR1,2,Pre,1,rxb,5,3,live,live,0
ESR1,2,Pre,1,rxb,6,6,live,live,0
ESR1,2,Pre,1,rxb,3,3,live,live,0
ESR1,2,Pre,1,rxb,27,15,live,live,0
ESR1,2,Pre,1,rxb,5,3,live,live,0
ESR1,2,Pre,1,rxb,32,15,live,live,0
ESR1,2,Pre,1,rxb,7,5,live,live,0
ESR1,2,Pre,1,rxb,4,3,live,live,0
ESR1,2,Pre,1,rxb,6,3,live,live,0
ESR1,2,Pre,1,rxb,27,13,live,live,0
ESR1,2,Pre,1,rxb,5,4,live,live,0
ESR1,2,Pre,1,rxb,24,14,live,live,0
ESR1,2,Pre,1,rxb,7,5,live,live,0
ESR1,2,Pre,1,rxb,4,2,live,live,0
ESR1,2,Pre,1,rxb,3,3,live,live,0
ESR2,1,Pre,1,rxb,36,17,live,live,0
ESR2,1,Pre,1,rxb,29,16,live,live,0
ESR2,1,Pre,1,rxb,21,9,live,live,0
ESR2,1,Pre,1,rxb,12,13,live,live,0
ESR2,1,Pre,1,rxb,10,7,live,live,0
ESR2,1,Pre,1,rxb,15,12,live,live,0
ESR2,1,Pre,1,rxb,39,20,live,live,0
ESR3,1,Pre,1,rxb,29,19,live,live,0
ESR3,1,Pre,1,rxb,31,18,live,live,0
ESR3,1,Pre,1,rxb,20,14,live,live,0
ESR3,1,Pre,1,rxb,6,5,live,live,0
ESR3,1,Pre,1,rxb,4,5,live,live,0
ESR3,1,Pre,1,rxb,5,4,live,live,0
ESR3,1,Pre,1,rxb,7,2,live,dead,1
ESR3,1,Pre,1,rxb,32,17,live,live,0
ESR3,1,Pre,1,rxb,15,8,live,live,0
ESR3,1,Pre,1,rxb,19,14,live,live,0
ESR3,1,Pre,1,rxb,23,16,live,live,0
ESR3,1,Pre,1,rxb,26,15,live,live,0
ESR3,1,Pre,1,rxb,30,18,live,live,0
FW1,1,Pre,1,rxb,21,9,live,live,0
FW1,1,Pre,1,rxb,25,11,live,live,0
FW1,1,Pre,1,rxb,19,10,live,live,0
L1,2,Pre,1,rxb,21,8,live,live,0
L1,2,Pre,1,rxb,6,7,live,live,0
L1,2,Pre,1,rxb,7,6,live,live,0
L1,2,Pre,1,rxb,8,5,live,live,0
L1,2,Pre,1,rxb,8,6,live,live,0
L1,2,Pre,1,rxb,11,6,live,live,0
L1,2,Pre,1,rxb,5,3,live,live,0
L1,2,Pre,1,rxb,12,7,live,live,0
L1,2,Pre,1,rxb,11,8,live,live,0
L1,2,Pre,1,rxb,6,6,live,live,0
L1,2,Pre,1,rxb,17,8,live,live,0
L1,2,Pre,1,rxb,11,7,live,live,0
L1,2,Pre,1,rxb,5,4,live,dead,1
L1,2,Pre,1,rxb,6,5,live,live,0
L1,2,Pre,1,rxb,9,6,live,live,0
L1,2,Pre,1,rxb,4,4,live,dead,1
L1,2,Pre,1,rxb,5,4,live,live,0
L1,2,Pre,1,rxb,11,7,live,live,0
L1,2,Pre,1,rxb,6,5,live,live,0
L1,2,Pre,1,rxb,5,5,live,live,0
L1,2,Pre,1,rxb,8,6,live,live,0
L1,2,Pre,1,rxb,2,2,live,dead,1
L1,2,Pre,1,rxb,15,7,live,live,0
L1,2,Pre,1,rxb,2,3,live,dead,1
L1,2,Pre,1,rxb,2,2,live,dead,1
L1,2,Pre,1,rxb,1,2,live,dead,1
L1,2,Pre,1,rxb,19,9,live,live,0
L1,2,Pre,1,rxb,2,3,live,dead,1
L1,2,Pre,1,rxb,10,7,live,live,0
L1,2,Pre,1,rxb,12,7,live,live,0
L1,2,Pre,1,rxb,8,7,live,live,0
L1,2,Pre,1,rxb,6,7,live,live,0
L1,2,Pre,1,rxb,11,7,live,live,0
L1,2,Pre,1,rxb,7,6,live,live,0
L1,2,Pre,1,rxb,4,4,live,live,0
L1,2,Pre,1,rxb,13,9,live,live,0
L1,2,Pre,1,rxb,9,6,live,live,0
L1,2,Pre,1,rxb,13,8,live,live,0
L1,2,Pre,1,rxb,7,7,live,live,0
L1,2,Pre,1,rxb,7,6,live,live,0
L1,2,Pre,1,rxb,7,7,live,live,0
L1,2,Pre,1,rxb,6,6,live,live,0
L1,2,Pre,1,rxb,12,8,live,live,0
L1,2,Pre,1,rxb,13,8,live,live,0
L1,2,Pre,1,rxb,11,7,live,live,0
L1,2,Pre,1,rxb,14,7,live,live,0
L2,2,Pre,1,rxb,13,7,live,live,0
L2,2,Pre,1,rxb,7,3,live,live,0
L2,2,Pre,1,rxb,11,2,live,dead,1
L2,2,Pre,1,rxb,5,4,live,live,0
L2,2,Pre,1,rxb,17,7,live,live,0
L2,2,Pre,1,rxb,3,3,live,live,0
L2,2,Pre,1,rxb,3,3,live,live,0
L2,2,Pre,1,rxb,4,5,live,live,0
L2,2,Pre,1,rxb,7,4,live,live,0
L2,2,Pre,1,rxb,6,6,live,live,0
L2,2,Pre,1,rxb,7,5,live,live,0
L2,2,Pre,1,rxb,6,4,live,live,0
L2,2,Pre,1,rxb,19,3,live,live,0
L2,2,Pre,1,rxb,12,7,live,live,0
L2,2,Pre,1,rxb,4,5,live,live,0
L2,2,Pre,1,rxb,11,9,live,live,0
L2,2,Pre,1,rxb,13,8,live,live,0
L2,2,Pre,1,rxb,21,10,live,live,0
L2,2,Pre,1,rxb,15,8,live,live,0
L2,2,Pre,1,rxb,2,2,live,dead,1
L2,2,Pre,1,rxb,9,7,live,live,0
L2,2,Pre,1,rxb,5,5,live,live,0
L2,2,Pre,1,rxb,5,5,live,live,0
L2,2,Pre,1,rxb,6,5,live,live,0
L2,2,Pre,1,rxb,7,6,live,live,0
L2,2,Pre,1,rxb,10,7,live,live,0
L2,2,Pre,1,rxb,8,7,live,live,0
L2,2,Pre,1,rxb,3,3,live,dead,1
L2,2,Pre,1,rxb,12,9,live,live,0
L2,2,Pre,1,rxb,10,7,live,live,0
L2,2,Pre,1,rxb,10,5,live,live,0
L2,2,Pre,1,rxb,7,4,live,live,0
L2,2,Pre,1,rxb,2,3,live,dead,1
L2,2,Pre,1,rxb,3,4,live,dead,1
L2,2,Pre,1,rxb,11,6,live,live,0
L2,2,Pre,1,rxb,11,6,live,live,0
L2,2,Pre,1,rxb,11,6,live,live,0
L2,2,Pre,1,rxb,15,8,live,live,0
L2,2,Pre,1,rxb,8,4,live,live,0
L2,2,Pre,1,rxb,3,3,live,dead,1
L2,2,Pre,1,rxb,2,3,live,dead,1
L2,2,Pre,1,rxb,3,2,live,dead,1
L2,2,Pre,1,rxb,2,3,live,dead,1
L2,2,Pre,1,rxb,11,7,live,live,0
L3,2,Pre,1,rxb,11,6,live,live,0
L3,2,Pre,1,rxb,6,3,live,live,0
L3,2,Pre,1,rxb,3,3,live,live,0
L3,2,Pre,1,rxb,12,7,live,live,0
L3,2,Pre,1,rxb,10,6,live,live,0
L3,2,Pre,1,rxb,9,6,live,live,0
L3,2,Pre,1,rxb,13,8,live,live,0
L3,2,Pre,1,rxb,7,6,live,live,0
L3,2,Pre,1,rxb,7,4,live,live,0
L3,2,Pre,1,rxb,4,4,live,live,0
L3,2,Pre,1,rxb,13,6,live,live,0
L3,2,Pre,1,rxb,9,6,live,live,0
L3,2,Pre,1,rxb,6,5,live,dead,1
L3,2,Pre,1,rxb,14,6,live,live,0
L3,2,Pre,1,rxb,9,7,live,live,0
L3,2,Pre,1,rxb,9,7,live,live,0
L3,2,Pre,1,rxb,13,8,live,live,0
L3,2,Pre,1,rxb,4,3,live,live,0
L3,2,Pre,1,rxb,10,9,live,live,0
L3,2,Pre,1,rxb,9,8,live,live,0
L3,2,Pre,1,rxb,5,4,live,live,0
L3,2,Pre,1,rxb,13,8,live,live,0
L3,2,Pre,1,rxb,14,9,live,live,0
L3,2,Pre,1,rxb,12,3,live,live,0
L3,2,Pre,1,rxb,14,4,live,live,0
OC1,1,Pre,1,rxb,9,5,live,live,0
OC1,1,Pre,1,rxb,15,13,live,live,0
OC1,1,Pre,1,rxb,13,13,live,live,0
OC1,1,Pre,1,rxb,36,17,live,live,0
OC1,1,Pre,1,rxb,12,13,live,live,0
OC1,1,Pre,1,rxb,18,12,live,live,0
OC1,1,Pre,1,rxb,13,12,live,live,0
OC1,1,Pre,1,rxb,14,11,live,live,0
OC1,1,Pre,1,rxb,15,13,live,live,0
OC1,1,Pre,1,rxb,11,11,live,live,0
OC1,1,Pre,1,rxb,20,13,live,live,0
OC1,1,Pre,1,rxb,17,13,live,live,0
OC1,1,Pre,1,rxb,18,12,live,live,0
OC1,1,Pre,1,rxb,10,7,live,live,0
OC1,1,Pre,1,rxb,28,17,live,live,0
OC1,1,Pre,1,rxb,10,8,live,live,0
OC1,1,Pre,1,rxb,21,15,live,live,0
OC1,1,Pre,1,rxb,37,15,live,live,0
OC2,1,Pre,1,rxb,12,4,live,live,0
OC2,1,Pre,1,rxb,14,13,live,live,0
OC2,1,Pre,1,rxb,8,7,live,live,0
OC2,1,Pre,1,rxb,31,14,live,live,0
OC2,1,Pre,1,rxb,29,16,live,live,0
OC2,1,Pre,1,rxb,32,15,live,live,0
OC2,1,Pre,1,rxb,27,17,live,live,0
OC2,1,Pre,1,rxb,24,15,live,live,0
OC2,1,Pre,1,rxb,23,15,live,live,0
OC3,1,Pre,1,rxb,30,20,live,live,0
OC3,1,Pre,1,rxb,33,22,live,live,0
OC3,1,Pre,1,rxb,30,18,live,live,0
OC3,1,Pre,1,rxb,40,18,live,live,0
OC3,1,Pre,1,rxb,24,18,live,live,0
OC3,1,Pre,1,rxb,35,18,live,live,0
RRN1,1,Pre,1,rxb,13,12,live,live,0
RRN1,1,Pre,1,rxb,18,14,live,live,0
RRN1,1,Pre,1,rxb,15,13,live,live,0
RRN1,1,Pre,1,rxb,7,5,live,live,0
RRN1,1,Pre,1,rxb,28,15,live,live,0
RRN1,1,Pre,1,rxb,10,9,live,live,0
RRN1,1,Pre,1,rxb,24,15,live,live,0
RRN1,1,Pre,1,rxb,17,13,live,live,0
RRN1,1,Pre,1,rxb,6,5,live,live,0
RRN1,1,Pre,1,rxb,17,8,live,live,0
RRN1,1,Pre,1,rxb,11,8,live,live,0
RRN1,1,Pre,1,rxb,16,12,live,live,0
RRN1,1,Pre,1,rxb,7,6,live,live,0
RRN1,1,Pre,1,rxb,25,14,live,live,0
RRN1,1,Pre,1,rxb,22,5,live,live,0
RRN2,3,Pre,1,rxb,26,16,live,live,0
RRN2,3,Pre,1,rxb,13,10,live,live,0
RRN2,3,Pre,1,rxb,23,14,live,live,0
RRN2,3,Pre,1,rxb,36,16,live,live,0
RRN2,3,Pre,1,rxb,28,16,live,live,0
RRN2,3,Pre,1,rxb,46,19,live,live,0
RRN3,1,Pre,1,rxb,16,11,live,live,0
RRN3,1,Pre,1,rxb,10,8,live,live,0
RRN3,1,Pre,1,rxb,31,14,live,live,0
RRN3,1,Pre,1,rxb,29,12,live,live,0
RRN3,1,Pre,1,rxb,30,13,live,live,0
RRN3,1,Pre,1,rxb,21,13,live,live,0
RRN3,1,Pre,1,rxb,5,4,live,live,0
RRN3,1,Pre,1,rxb,23,12,live,live,0
RRS3,1,Pre,1,rxb,25,15,live,live,0
RRS3,1,Pre,1,rxb,13,14,live,live,0
RRS3,1,Pre,1,rxb,19,16,live,live,0
RRS3,1,Pre,1,rxb,18,15,live,live,0
RRS3,1,Pre,1,rxb,19,15,live,live,0
RRS3,1,Pre,1,rxb,22,15,live,live,0
RRS3,1,Pre,1,rxb,26,16,live,live,0
RRS3,1,Pre,1,rxb,12,14,live,live,0
RRS3,1,Pre,1,rxb,16,15,live,live,0
RRS3,1,Pre,1,rxb,16,14,live,live,0
RRS3,1,Pre,1,rxb,16,14,live,live,0
RRS3,1,Pre,1,rxb,25,15,live,live,0
RRS3,1,Pre,1,rxb,8,11,live,live,0
RRS3,1,Pre,1,rxb,10,14,live,live,0
RRS3,1,Pre,1,rxb,8,10,live,live,0
RRS3,1,Pre,1,rxb,31,17,live,live,0
RRS3,1,Pre,1,rxb,20,14,live,live,0
RRS3,1,Pre,1,rxb,21,15,live,live,0
RRS3,1,Pre,1,rxb,20,15,live,live,0
STOWF1,7,Plus 1,1,wf,17,14,live,dead,1
STOWF1,7,Plus 1,1,wf,22,17,live,live,0
STOWF1,7,Plus 1,1,wf,27,16,live,live,0
STOWF1,7,Plus 1,1,wf,8,10,live,dead,1
STOWF1,7,Plus 1,1,wf,4,3,live,dead,1
STOWF1,7,Plus 1,1,wf,10,9,live,dead,1
STOWF1,7,Plus 1,1,wf,7,10,live,dead,1
STOWF1,7,Plus 1,1,wf,7,8,live,dead,1
STOWF1,7,Plus 1,1,wf,4,4,live,dead,1
STOWF1,7,Plus 1,1,wf,22,14,live,live,0
STOWF1,7,Plus 1,1,wf,7,5,live,dead,1
STOWF1,7,Plus 1,1,wf,31,15,live,live,0
STOWF1,7,Plus 1,1,wf,18,15,live,live,0
STOWF1,7,Plus 1,1,wf,17,14,live,live,0
STOWF1,7,Plus 1,1,wf,9,8,live,dead,1
STOWF1,7,Plus 1,1,wf,10,8,live,dead,1
STOWF1,7,Plus 1,1,wf,18,15,live,live,0
STOWF1,7,Plus 1,1,wf,20,17,live,live,0
STOWF1,7,Plus 1,1,wf,19,15,live,dead,1
STOWF1,7,Plus 1,1,wf,3,2,live,dead,1
STOWF1,7,Plus 1,1,wf,3,3,live,dead,1
STOWF1,7,Plus 1,1,wf,6,7,live,dead,1
STOWF1,7,Plus 1,1,wf,11,9,live,dead,1
STOWF1,7,Plus 1,1,wf,7,6,live,dead,1
STOWF1,7,Plus 1,1,wf,16,14,live,live,0
STOWF1,7,Plus 1,1,wf,11,11,live,live,0
STOWF1,7,Plus 1,1,wf,3,3,live,dead,1
STOWF1,7,Plus 1,1,wf,1,2,live,dead,1
STOWF2,8,Plus 1,1,wf,26,16,live,live,0
STOWF2,8,Plus 1,1,wf,31,19,live,live,0
STOWF2,8,Plus 1,1,wf,8,6,live,dead,1
STOWF2,8,Plus 1,1,wf,25,15,live,dead,1
STOWF2,8,Plus 1,1,wf,4,6,live,dead,1
STOWF2,8,Plus 1,1,wf,8,8,live,dead,1
STOWF2,8,Plus 1,1,wf,5,6,live,dead,1
STOWF2,8,Plus 1,1,wf,11,11,live,dead,1
STOWF2,8,Plus 1,1,wf,36,20,live,live,0
STOWF2,8,Plus 1,1,wf,5,5,live,dead,1
STOWF2,8,Plus 1,1,wf,9,6,live,dead,1
STOWF2,8,Plus 1,1,wf,27,18,live,dead,1
STOWF2,8,Plus 1,1,wf,26,19,live,dead,1
STOWF2,8,Plus 1,1,wf,5,6,live,dead,1
STOWF2,8,Plus 1,1,wf,5,3,live,dead,1
STOWF3,7,Plus 1,1,wf,32,17,live,live,0
STOWF3,7,Plus 1,1,wf,11,10,live,dead,1
STOWF3,7,Plus 1,1,wf,20,11,live,live,0
STOWF3,7,Plus 1,1,wf,24,17,live,live,0
STOWF3,7,Plus 1,1,wf,11,7,live,dead,1
STOWF3,7,Plus 1,1,wf,17,11,live,dead,1
STOWF3,7,Plus 1,1,wf,6,7,live,dead,1
STOWF3,7,Plus 1,1,wf,27,14,live,live,0
STOWF3,7,Plus 1,1,wf,32,18,live,live,0
STOWF3,7,Plus 1,1,wf,17,11,live,dead,1
STOWF3,7,Plus 1,1,wf,23,20,live,live,0
STOWF3,7,Plus 1,1,wf,31,21,live,dead,1
STOWF3,7,Plus 1,1,wf,8,5,live,dead,1
STOWF3,7,Plus 1,1,wf,7,2,live,dead,1
TTW1,1,Pre,1,rxb,37,18,live,live,0
TTW1,1,Pre,1,rxb,18,11,live,live,0
TTW1,1,Pre,1,rxb,31,16,live,live,0
TTW1,1,Pre,1,rxb,30,17,live,live,0
TTW2,2,Pre,1,rxb,15,9,live,live,0
TTW2,2,Pre,1,rxb,15,11,live,live,0
TTW2,2,Pre,1,rxb,24,14,live,live,0
TTW2,2,Pre,1,rxb,25,16,live,live,0
TTW2,2,Pre,1,rxb,35,19,live,live,0
TTW2,2,Pre,1,rxb,21,16,live,live,0
TTW2,2,Pre,1,rxb,33,17,live,live,0
TTW2,2,Pre,1,rxb,26,17,live,live,0
TTW2,2,Pre,1,rxb,18,14,live,live,0
TTW2,2,Pre,1,rxb,35,18,live,live,0
TTW3,1,Pre,1,rxb,40,20,live,live,0
TTW3,1,Pre,1,rxb,15,9,live,live,0
TTW3,1,Pre,1,rxb,29,17,live,live,0
TTW3,1,Pre,1,rxb,28,18,live,live,0
TTW3,1,Pre,1,rxb,26,17,live,live,0
TTW3,1,Pre,1,rxb,35,18,live,live,0
TTW3,1,Pre,1,rxb,16,11,live,live,0
TTW3,1,Pre,1,rxb,24,17,live,live,0
TTW3,1,Pre,1,rxb,26,17,live,live,0
U01,4,Pre,1,rxb,18,11,live,live,0
U01,4,Pre,1,rxb,7,5,live,live,0
U01,4,Pre,1,rxb,20,9,live,live,0
U01,4,Pre,1,rxb,18,8,live,live,0
U01,4,Pre,1,rxb,17,8,live,live,0
U01,4,Pre,1,rxb,8,5,live,live,0
U01,4,Pre,1,rxb,10,7,live,live,0
U01,4,Pre,1,rxb,9,6,live,dead,1
U01,4,Pre,1,rxb,19,8,live,live,0
U01,4,Pre,1,rxb,15,9,live,live,0
U01,4,Pre,1,rxb,11,7,live,live,0
U01,4,Pre,1,rxb,16,7,live,live,0
U01,4,Pre,1,rxb,13,5,live,live,0
U01,4,Pre,1,rxb,14,4,live,live,0
U01,4,Pre,1,rxb,6,5,live,live,0
U01,4,Pre,1,rxb,4,3,live,live,0
U01,4,Pre,1,rxb,12,6,live,live,0
U01,4,Pre,1,rxb,7,5,live,live,0
U01,4,Pre,1,rxb,5,2,live,live,0
U01,4,Pre,1,rxb,14,8,live,dead,1
U01,4,Pre,1,rxb,18,5,live,live,0
U01,4,Pre,1,rxb,10,7,live,live,0
U01,4,Pre,1,rxb,10,6,live,live,0
U02,3,Pre,1,rxb,14,6,live,live,0
U02,3,Pre,1,rxb,13,8,live,live,0
U02,3,Pre,1,rxb,15,8,live,live,0
U02,3,Pre,1,rxb,12,6,live,live,0
U02,3,Pre,1,rxb,13,8,live,live,0
U02,3,Pre,1,rxb,9,7,live,live,0
U02,3,Pre,1,rxb,18,8,live,live,0
U02,3,Pre,1,rxb,14,8,live,live,0
U02,3,Pre,1,rxb,14,9,live,live,0
U02,3,Pre,1,rxb,12,8,live,live,0
U02,3,Pre,1,rxb,7,6,live,live,0
U02,3,Pre,1,rxb,12,7,live,live,0
U02,3,Pre,1,rxb,24,8,live,live,0
U02,3,Pre,1,rxb,10,6,live,live,0
U02,3,Pre,1,rxb,16,9,live,live,0
U02,3,Pre,1,rxb,10,4,live,dead,1
U02,3,Pre,1,rxb,12,5,live,live,0
U02,3,Pre,1,rxb,25,10,live,live,0
U02,3,Pre,1,rxb,29,11,live,live,0
U03,5,Pre,1,rxb,21,8,live,live,0
U03,5,Pre,1,rxb,19,9,live,live,0
U03,5,Pre,1,rxb,13,9,live,live,0
U03,5,Pre,1,rxb,12,7,live,live,0
U03,5,Pre,1,rxb,7,5,live,live,0
U03,5,Pre,1,rxb,4,3,live,dead,1
U03,5,Pre,1,rxb,9,5,live,live,0
U03,5,Pre,1,rxb,8,5,live,live,0
U03,5,Pre,1,rxb,13,8,live,live,0
U03,5,Pre,1,rxb,11,7,live,live,0
U03,5,Pre,1,rxb,12,8,live,live,0
U03,5,Pre,1,rxb,11,8,live,live,0
U03,5,Pre,1,rxb,11,8,live,live,0
U03,5,Pre,1,rxb,8,4,live,live,0
U03,5,Pre,1,rxb,9,6,live,live,0
U03,5,Pre,1,rxb,10,6,live,live,0
U03,5,Pre,1,rxb,13,7,live,live,0
U03,5,Pre,1,rxb,5,2,live,dead,1
U03,5,Pre,1,rxb,7,4,live,dead,1
U03,5,Pre,1,rxb,19,9,live,live,0
U03,5,Pre,1,rxb,9,7,live,live,0
U03,5,Pre,1,rxb,9,7,live,live,0
U03,5,Pre,1,rxb,20,8,live,live,0
U03,5,Pre,1,rxb,24,10,live,live,0
U03,5,Pre,1,rxb,9,6,live,live,0
U03,5,Pre,1,rxb,7,7,live,dead,1
U03,5,Pre,1,rxb,6,4,live,dead,1
U03,5,Pre,1,rxb,11,6,live,live,0
U03,5,Pre,1,rxb,25,9,live,live,0
U03,5,Pre,1,rxb,10,5,live,dead,1
U03,5,Pre,1,rxb,13,8,live,live,0
U03,5,Pre,1,rxb,8,7,live,live,0
U03,5,Pre,1,rxb,18,9,live,live,0
U03,5,Pre,1,rxb,10,3,live,live,0
U03,5,Pre,1,rxb,18,9,live,live,0
U03,5,Pre,1,rxb,7,3,live,dead,1
U04,5,Pre,1,rxb,21,8,live,live,0
U04,5,Pre,1,rxb,12,6,live,live,0
U04,5,Pre,1,rxb,22,9,live,live,0
U04,5,Pre,1,rxb,17,6,live,live,0
U04,5,Pre,1,rxb,11,5,live,live,0
U04,5,Pre,1,rxb,25,8,live,live,0
U04,5,Pre,1,rxb,6,3,live,live,0
U04,5,Pre,1,rxb,5,2,live,live,0
U04,5,Pre,1,rxb,6,5,live,live,0
U04,5,Pre,1,rxb,6,5,live,live,0
U04,5,Pre,1,rxb,23,9,live,live,0
U04,5,Pre,1,rxb,3,2,live,dead,1
U04,5,Pre,1,rxb,2,2,live,dead,1
U04,5,Pre,1,rxb,10,8,live,live,0
U04,5,Pre,1,rxb,8,6,live,live,0
U04,5,Pre,1,rxb,4,3,live,dead,1
U04,5,Pre,1,rxb,14,9,live,live,0
U04,5,Pre,1,rxb,9,8,live,live,0
U04,5,Pre,1,rxb,12,7,live,live,0
U04,5,Pre,1,rxb,24,10,live,live,0
U04,5,Pre,1,rxb,8,6,live,live,0
U04,5,Pre,1,rxb,3,2,live,live,0
U05,3,Pre,1,rxb,21,9,live,live,0
U05,3,Pre,1,rxb,9,6,live,live,0
U05,3,Pre,1,rxb,10,5,live,live,0
U05,3,Pre,1,rxb,13,9,live,live,0
U05,3,Pre,1,rxb,16,9,live,live,0
U05,3,Pre,1,rxb,5,2,live,live,0
U05,3,Pre,1,rxb,6,7,live,live,0
U05,3,Pre,1,rxb,18,9,live,live,0
U05,3,Pre,1,rxb,8,2,live,live,0
U05,3,Pre,1,rxb,19,5,live,live,0
U05,3,Pre,1,rxb,25,10,live,live,0
U05,3,Pre,1,rxb,10,7,live,live,0
U05,3,Pre,1,rxb,8,7,live,live,0
U05,3,Pre,1,rxb,12,8,live,live,0
U05,3,Pre,1,rxb,14,9,live,live,0
U05,3,Pre,1,rxb,3,2,live,live,0
U05,3,Pre,1,rxb,11,8,live,live,0
U05,3,Pre,1,rxb,16,9,live,live,0
U05,3,Pre,1,rxb,19,10,live,live,0
U05,3,Pre,1,rxb,20,10,live,live,0
U05,3,Pre,1,rxb,10,8,live,live,0
U05,3,Pre,1,rxb,5,5,live,dead,1
U05,3,Pre,1,rxb,10,8,live,live,0
U05,3,Pre,1,rxb,7,7,live,live,0
U05,3,Pre,1,rxb,12,8,live,live,0
U06,4,Pre,1,rxb,24,12,live,live,0
U06,4,Pre,1,rxb,26,11,live,live,0
U06,4,Pre,1,rxb,23,10,live,live,0
U06,4,Pre,1,rxb,10,3,live,live,0
U06,4,Pre,1,rxb,10,7,live,live,0
U06,4,Pre,1,rxb,16,9,live,live,0
U06,4,Pre,1,rxb,12,6,live,live,0
U06,4,Pre,1,rxb,11,4,live,live,0
U06,4,Pre,1,rxb,29,13,live,live,0
U06,4,Pre,1,rxb,13,6,live,live,0
U06,4,Pre,1,rxb,17,8,live,live,0
U06,4,Pre,1,rxb,13,10,live,live,0
U06,4,Pre,1,rxb,17,9,live,live,0
U06,4,Pre,1,rxb,12,9,live,live,0
U06,4,Pre,1,rxb,14,10,live,live,0
U06,4,Pre,1,rxb,26,10,live,live,0
U06,4,Pre,1,rxb,23,10,live,live,0
U06,4,Pre,1,rxb,10,7,live,live,0
U06,4,Pre,1,rxb,6,4,live,dead,1
U06,4,Pre,1,rxb,4,3,live,dead,1
U07,6,Pre,1,rxb,19,9,live,live,0
U07,6,Pre,1,rxb,7,4,live,dead,1
U07,6,Pre,1,rxb,10,5,live,live,0
U07,6,Pre,1,rxb,6,3,live,dead,1
U07,6,Pre,1,rxb,19,9,live,live,0
U07,6,Pre,1,rxb,13,8,live,live,0
U07,6,Pre,1,rxb,5,4,live,dead,1
U07,6,Pre,1,rxb,5,3,live,dead,1
U07,6,Pre,1,rxb,28,11,live,live,0
U07,6,Pre,1,rxb,4,2,live,dead,1
U07,6,Pre,1,rxb,13,7,live,live,0
U07,6,Pre,1,rxb,8,3,live,live,0
U07,6,Pre,1,rxb,23,10,live,live,0
U07,6,Pre,1,rxb,13,7,live,live,0
U07,6,Pre,1,rxb,13,8,live,live,0
U07,6,Pre,1,rxb,9,6,live,live,0
U07,6,Pre,1,rxb,15,9,live,live,0
U07,6,Pre,1,rxb,9,7,live,live,0
U07,6,Pre,1,rxb,12,9,live,live,0
U07,6,Pre,1,rxb,11,7,live,live,0
U07,6,Pre,1,rxb,7,4,live,dead,1
U07,6,Pre,1,rxb,17,10,live,live,0
U07,6,Pre,1,rxb,8,6,live,live,0
U08,4,Pre,1,rxb,6,7,live,live,0
U08,4,Pre,1,rxb,7,5,live,dead,1
U08,4,Pre,1,rxb,9,6,live,live,0
U08,4,Pre,1,rxb,15,10,live,live,0
U08,4,Pre,1,rxb,21,10,live,live,0
U08,4,Pre,1,rxb,10,7,live,live,0
U08,4,Pre,1,rxb,12,5,live,live,0
U08,4,Pre,1,rxb,16,9,live,live,0
U08,4,Pre,1,rxb,12,3,live,live,0
U08,4,Pre,1,rxb,24,12,live,live,0
U08,4,Pre,1,rxb,6,4,live,live,0
U08,4,Pre,1,rxb,7,3,live,dead,1
U08,4,Pre,1,rxb,30,14,live,live,0
U08,4,Pre,1,rxb,5,2,live,dead,1
U08,4,Pre,1,rxb,12,9,live,live,0
U08,4,Pre,1,rxb,8,7,live,live,0
U08,4,Pre,1,rxb,21,10,live,live,0
U08,4,Pre,1,rxb,24,11,live,live,0
U09,4,Pre,1,rxb,18,11,live,live,0
U09,4,Pre,1,rxb,15,10,live,live,0
U09,4,Pre,1,rxb,25,12,live,live,0
U09,4,Pre,1,rxb,13,9,live,live,0
U09,4,Pre,1,rxb,9,9,live,live,0
U09,4,Pre,1,rxb,11,8,live,live,0
U09,4,Pre,1,rxb,14,10,live,live,0
U09,4,Pre,1,rxb,4,2,live,live,0
U09,4,Pre,1,rxb,31,15,live,live,0
U09,4,Pre,1,rxb,25,12,live,live,0
U09,4,Pre,1,rxb,25,12,live,live,0
U09,4,Pre,1,rxb,11,10,live,live,0
U09,4,Pre,1,rxb,13,11,live,live,0
U09,4,Pre,1,rxb,6,5,live,live,0
U09,4,Pre,1,rxb,23,12,live,live,0
U09,4,Pre,1,rxb,10,7,live,live,0
U09,4,Pre,1,rxb,8,6,live,live,0
U10,4,Pre,1,rxb,10,8,live,live,0
U10,4,Pre,1,rxb,5,4,live,dead,1
U10,4,Pre,1,rxb,11,8,live,live,0
U10,4,Pre,1,rxb,11,8,live,live,0
U10,4,Pre,1,rxb,29,11,live,live,0
U10,4,Pre,1,rxb,14,7,live,live,0
U10,4,Pre,1,rxb,9,7,live,live,0
U10,4,Pre,1,rxb,15,9,live,live,0
U10,4,Pre,1,rxb,7,5,live,live,0
U10,4,Pre,1,rxb,25,12,live,live,0
U10,4,Pre,1,rxb,7,4,live,live,0
U10,4,Pre,1,rxb,12,7,live,live,0
U10,4,Pre,1,rxb,6,5,live,dead,1
U10,4,Pre,1,rxb,19,11,live,live,0
U10,4,Pre,1,rxb,29,13,live,live,0
U10,4,Pre,1,rxb,25,11,live,live,0
U10,4,Pre,1,rxb,9,5,live,live,0
U10,4,Pre,1,rxb,20,9,live,live,0
U10,4,Pre,1,rxb,7,3,live,dead,1
U10,4,Pre,1,rxb,14,7,live,live,0
U10,4,Pre,1,rxb,13,7,live,live,0
U10,4,Pre,1,rxb,6,6,live,live,0
U10,4,Pre,1,rxb,15,8,live,live,0
U10,4,Pre,1,rxb,22,11,live,live,0
U10,4,Pre,1,rxb,5,4,live,dead,1
U11,4,Pre,1,rxb,9,6,live,dead,1
U11,4,Pre,1,rxb,16,9,live,dead,1
U11,4,Pre,1,rxb,19,10,live,live,0
U11,4,Pre,1,rxb,9,6,live,dead,1
U11,4,Pre,1,rxb,7,5,live,dead,1
U11,4,Pre,1,rxb,16,9,live,live,0
U11,4,Pre,1,rxb,9,8,live,live,0
U11,4,Pre,1,rxb,11,8,live,live,0
U11,4,Pre,1,rxb,11,8,live,live,0
U11,4,Pre,1,rxb,13,8,live,live,0
U11,4,Pre,1,rxb,10,7,live,live,0
U11,4,Pre,1,rxb,12,8,live,live,0
U11,4,Pre,1,rxb,16,7,live,live,0
U11,4,Pre,1,rxb,8,3,live,dead,1
U11,4,Pre,1,rxb,6,6,live,dead,1
U11,4,Pre,1,rxb,7,6,live,live,0
U11,4,Pre,1,rxb,13,8,live,live,0
U11,4,Pre,1,rxb,15,8,live,live,0
U11,4,Pre,1,rxb,19,9,live,live,0
U11,4,Pre,1,rxb,17,8,live,live,0
U11,4,Pre,1,rxb,6,3,live,dead,1
U11,4,Pre,1,rxb,10,7,live,live,0
U11,4,Pre,1,rxb,6,4,live,dead,1
U11,4,Pre,1,rxb,9,7,live,live,0
U11,4,Pre,1,rxb,15,8,live,live,0
U11,4,Pre,1,rxb,23,8,live,live,0
U11,4,Pre,1,rxb,6,5,live,dead,1
U11,4,Pre,1,rxb,9,6,live,dead,1
U11,4,Pre,1,rxb,10,5,live,dead,1
U11,4,Pre,1,rxb,18,9,live,live,0
U11,4,Pre,1,rxb,8,5,live,live,0
U11,4,Pre,1,rxb,10,8,live,dead,1
U11,4,Pre,1,rxb,14,9,live,live,0
U11,4,Pre,1,rxb,21,9,live,live,0
U12,4,Pre,1,rxb,18,12,live,live,0
U12,4,Pre,1,rxb,18,11,live,live,0
U12,4,Pre,1,rxb,30,14,live,live,0
U12,4,Pre,1,rxb,31,14,live,live,0
U12,4,Pre,1,rxb,21,9,live,live,0
U12,4,Pre,1,rxb,7,4,live,dead,1
U12,4,Pre,1,rxb,28,13,live,live,0
U12,4,Pre,1,rxb,17,7,live,live,0
U12,4,Pre,1,rxb,4,2,live,dead,1
WE1,2,Pre,1,rxb,23,14,live,live,0
WE1,2,Pre,1,rxb,21,11,live,live,0
WE1,2,Pre,1,rxb,15,5,live,live,0
WE1,2,Pre,1,rxb,9,5,live,live,0
WE1,2,Pre,1,rxb,1,2,live,live,0
WE1,2,Pre,1,rxb,4,2,live,live,0
WE1,2,Pre,1,rxb,6,7,live,live,0
WE1,2,Pre,1,rxb,16,12,live,live,0
WE1,2,Pre,1,rxb,15,10,live,live,0
WE1,2,Pre,1,rxb,9,4,live,live,0
WE1,2,Pre,1,rxb,20,11,live,live,0
WE1,2,Pre,1,rxb,11,10,live,live,0
WE1,2,Pre,1,rxb,3,3,live,live,0
WE1,2,Pre,1,rxb,3,3,live,live,0
WE1,2,Pre,1,rxb,4,3,live,live,0
WE1,2,Pre,1,rxb,12,10,live,live,0
WE1,2,Pre,1,rxb,35,16,live,live,0
WE1,2,Pre,1,rxb,6,4,live,live,0
WE1,2,Pre,1,rxb,8,7,live,live,0
WE1,2,Pre,1,rxb,17,12,live,live,0
WE2,3,Pre,1,rxb,12,6,live,live,0
WE2,3,Pre,1,rxb,8,5,live,live,0
WE2,3,Pre,1,rxb,17,8,live,live,0
WE2,3,Pre,1,rxb,7,5,live,live,0
WE2,3,Pre,1,rxb,7,5,live,live,0
WE2,3,Pre,1,rxb,16,8,live,live,0
WE2,3,Pre,1,rxb,18,9,live,live,0
WE2,3,Pre,1,rxb,9,6,live,live,0
WE2,3,Pre,1,rxb,6,4,live,live,0
WE2,3,Pre,1,rxb,8,4,live,live,0
WE2,3,Pre,1,rxb,7,6,live,live,0
WE2,3,Pre,1,rxb,10,6,live,live,0
WE2,3,Pre,1,rxb,7,4,live,live,0
WE2,3,Pre,1,rxb,9,6,live,live,0
WE2,3,Pre,1,rxb,16,7,live,live,0
WE2,3,Pre,1,rxb,6,4,live,live,0
WE2,3,Pre,1,rxb,8,6,live,live,0
WE2,3,Pre,1,rxb,9,6,live,live,0
WE2,3,Pre,1,rxb,7,8,live,live,0
WE2,3,Pre,1,rxb,8,5,live,live,0
WE2,3,Pre,1,rxb,8,4,live,live,0
WE2,3,Pre,1,rxb,5,4,live,live,0
WE2,3,Pre,1,rxb,16,9,live,live,0
WE2,3,Pre,1,rxb,17,8,live,live,0
WE2,3,Pre,1,rxb,6,5,live,live,0
WE2,3,Pre,1,rxb,7,5,live,live,0
WE2,3,Pre,1,rxb,6,4,live,live,0
WE2,3,Pre,1,rxb,9,4,live,live,0
WE2,3,Pre,1,rxb,6,4,live,live,0
WE2,3,Pre,1,rxb,3,3,live,live,0
WE2,3,Pre,1,rxb,2,3,live,dead,1
WE3,2,Pre,1,rxb,14,10,live,live,0
WE3,2,Pre,1,rxb,16,9,live,live,0
WE3,2,Pre,1,rxb,23,13,live,live,0
WE3,2,Pre,1,rxb,15,8,live,live,0
WE3,2,Pre,1,rxb,12,8,live,live,0
WE3,2,Pre,1,rxb,22,9,live,live,0
WE3,2,Pre,1,rxb,19,12,live,live,0
WE3,2,Pre,1,rxb,13,8,live,live,0
WE3,2,Pre,1,rxb,27,13,live,live,0
WE3,2,Pre,1,rxb,13,8,live,live,0
WE3,2,Pre,1,rxb,5,4,live,live,0
WE3,2,Pre,1,rxb,17,11,live,live,0
WE3,2,Pre,1,rxb,25,11,live,live,0
WE3,2,Pre,1,rxb,14,8,live,live,0
WE3,2,Pre,1,rxb,22,11,live,live,0
WE3,2,Pre,1,rxb,5,5,live,live,0
WE3,2,Pre,1,rxb,23,10,live,live,0
WE3,2,Pre,1,rxb,16,12,live,live,0
WE3,2,Pre,1,rxb,22,11,live,live,0
WE3,2,Pre,1,rxb,23,10,live,live,0
WE3,2,Pre,1,rxb,16,9,live,live,0
WG01,5,Pre,1,rxb,3,4,live,live,0
WG01,5,Pre,1,rxb,18,11,live,live,0
WG01,5,Pre,1,rxb,13,10,live,live,0
WG01,5,Pre,1,rxb,10,9,live,live,0
WG01,5,Pre,1,rxb,10,10,live,live,0
WG01,5,Pre,1,rxb,16,8,live,live,0
WG01,5,Pre,1,rxb,5,3,live,dead,1
WG01,5,Pre,1,rxb,7,7,live,dead,1
WG01,5,Pre,1,rxb,6,7,live,live,0
WG01,5,Pre,1,rxb,17,10,live,live,0
WG01,5,Pre,1,rxb,18,10,live,live,0
WG01,5,Pre,1,rxb,8,8,live,live,0
WG01,5,Pre,1,rxb,13,8,live,live,0
WG01,5,Pre,1,rxb,12,9,live,live,0
WG01,5,Pre,1,rxb,13,9,live,live,0
WG01,5,Pre,1,rxb,6,6,live,live,0
WG01,5,Pre,1,rxb,11,5,live,live,0
WG01,5,Pre,1,rxb,15,12,live,live,0
WG01,5,Pre,1,rxb,7,5,live,dead,1
WG01,5,Pre,1,rxb,14,8,live,live,0
WG01,5,Pre,1,rxb,9,7,live,live,0
WG01,5,Pre,1,rxb,7,6,live,live,0
WG01,5,Pre,1,rxb,9,8,live,live,0
WG01,5,Pre,1,rxb,12,6,live,live,0
WG01,5,Pre,1,rxb,15,9,live,live,0
WG01,5,Pre,1,rxb,6,5,live,dead,1
WG01,5,Pre,1,rxb,22,11,live,live,0
WG01,5,Pre,1,rxb,9,8,live,live,0
WG01,5,Pre,1,rxb,6,3,live,dead,1
WG01,5,Pre,1,rxb,5,3,live,live,0
WG01,5,Pre,1,rxb,8,10,live,live,0
WG01,5,Pre,1,rxb,4,2,live,dead,1
WG01,5,Pre,1,rxb,10,9,live,live,0
WG01,5,Pre,1,rxb,10,8,live,live,0
WG01,5,Pre,1,rxb,3,2,live,dead,1
WG01,5,Pre,1,rxb,18,11,live,live,0
WG01,5,Pre,1,rxb,15,10,live,live,0
WG01,5,Pre,1,rxb,10,10,live,live,0
WG02,4,Pre,1,rxb,6,7,live,dead,1
WG02,4,Pre,1,rxb,8,7,live,dead,1
WG02,4,Pre,1,rxb,14,12,live,live,0
WG02,4,Pre,1,rxb,33,17,live,live,0
WG02,4,Pre,1,rxb,24,15,live,live,0
WG02,4,Pre,1,rxb,6,5,live,live,0
WG02,4,Pre,1,rxb,19,10,live,live,0
WG02,4,Pre,1,rxb,2,2,live,dead,1
WG02,4,Pre,1,rxb,4,3,live,dead,1
WG02,4,Pre,1,rxb,29,17,live,live,0
WG02,4,Pre,1,rxb,15,12,live,live,0
WG02,4,Pre,1,rxb,8,8,live,live,0
WG02,4,Pre,1,rxb,26,15,live,live,0
WG02,4,Pre,1,rxb,19,10,live,live,0
WG02,4,Pre,1,rxb,10,8,live,live,0
WG02,4,Pre,1,rxb,20,12,live,live,0
WG02,4,Pre,1,rxb,8,6,live,live,0
WG02,4,Pre,1,rxb,18,13,live,live,0
WG02,4,Pre,1,rxb,12,9,live,live,0
WG02,4,Pre,1,rxb,19,11,live,live,0
WG02,4,Pre,1,rxb,15,11,live,live,0
WG02,4,Pre,1,rxb,24,13,live,live,0
WG02,4,Pre,1,rxb,6,5,live,dead,1
WG02,4,Pre,1,rxb,4,4,live,dead,1
WG02,4,Pre,1,rxb,3,2,live,dead,1
WG02,4,Pre,1,rxb,20,14,live,live,0
WG02,4,Pre,1,rxb,11,6,live,dead,1
WG02,4,Pre,1,rxb,11,4,live,dead,1
WG03,4,Pre,1,rxb,12,10,live,live,0
WG03,4,Pre,1,rxb,26,15,live,live,0
WG03,4,Pre,1,rxb,11,10,live,live,0
WG03,4,Pre,1,rxb,19,13,live,live,0
WG03,4,Pre,1,rxb,14,13,live,live,0
WG03,4,Pre,1,rxb,9,9,live,live,0
WG03,4,Pre,1,rxb,9,5,live,live,0
WG03,4,Pre,1,rxb,28,15,live,live,0
WG03,4,Pre,1,rxb,18,12,live,live,0
WG03,4,Pre,1,rxb,11,8,live,live,0
WG03,4,Pre,1,rxb,11,9,live,live,0
WG03,4,Pre,1,rxb,12,10,live,live,0
WG03,4,Pre,1,rxb,9,9,live,live,0
WG03,4,Pre,1,rxb,5,4,live,dead,1
WG03,4,Pre,1,rxb,13,11,live,live,0
WG03,4,Pre,1,rxb,6,3,live,dead,1
WG03,4,Pre,1,rxb,19,12,live,live,0
WG03,4,Pre,1,rxb,9,5,live,live,0
WG03,4,Pre,1,rxb,17,12,live,live,0
WG03,4,Pre,1,rxb,20,13,live,live,0
WG03,4,Pre,1,rxb,14,10,live,live,0
WG03,4,Pre,1,rxb,14,9,live,live,0
WG03,4,Pre,1,rxb,11,10,live,live,0
WG03,4,Pre,1,rxb,7,3,live,live,0
WG04,5,Pre,1,rxb,8,8,live,live,0
WG04,5,Pre,1,rxb,9,6,live,live,0
WG04,5,Pre,1,rxb,20,2,live,live,0
WG04,5,Pre,1,rxb,7,6,live,dead,1
WG04,5,Pre,1,rxb,10,7,live,dead,1
WG04,5,Pre,1,rxb,8,2,live,dead,1
WG04,5,Pre,1,rxb,6,4,live,live,0
WG04,5,Pre,1,rxb,9,7,live,dead,1
WG04,5,Pre,1,rxb,21,10,live,live,0
WG04,5,Pre,1,rxb,15,8,live,live,0
WG04,5,Pre,1,rxb,10,6,live,live,0
WG04,5,Pre,1,rxb,11,7,live,live,0
WG04,5,Pre,1,rxb,8,5,live,dead,1
WG04,5,Pre,1,rxb,17,9,live,live,0
WG04,5,Pre,1,rxb,10,8,live,live,0
WG04,5,Pre,1,rxb,12,9,live,live,0
WG04,5,Pre,1,rxb,14,9,live,live,0
WG04,5,Pre,1,rxb,6,5,live,dead,1
WG04,5,Pre,1,rxb,1,2,live,dead,1
WG04,5,Pre,1,rxb,21,10,live,live,0
WG04,5,Pre,1,rxb,25,9,live,live,0
WG04,5,Pre,1,rxb,10,7,live,dead,1
WG04,5,Pre,1,rxb,6,2,live,dead,1
WG04,5,Pre,1,rxb,13,5,live,dead,1
WG04,5,Pre,1,rxb,19,9,live,live,0
WG05,3,Pre,1,rxb,22,15,live,live,0
WG05,3,Pre,1,rxb,24,15,live,live,0
WG05,3,Pre,1,rxb,6,5,live,live,0
WG05,3,Pre,1,rxb,11,6,live,dead,1
WG05,3,Pre,1,rxb,16,11,live,live,0
WG05,3,Pre,1,rxb,14,12,live,live,0
WG05,3,Pre,1,rxb,15,13,live,live,0
WG05,3,Pre,1,rxb,17,14,live,live,0
WG05,3,Pre,1,rxb,22,14,live,live,0
WG05,3,Pre,1,rxb,13,12,live,live,0
WG05,3,Pre,1,rxb,6,4,live,live,0
WG05,3,Pre,1,rxb,14,7,live,live,0
WG05,3,Pre,1,rxb,26,13,live,live,0
WG05,3,Pre,1,rxb,13,10,live,live,0
WG05,3,Pre,1,rxb,10,8,live,live,0
WG05,3,Pre,1,rxb,10,7,live,live,0
WG05,3,Pre,1,rxb,20,12,live,live,0
WG05,3,Pre,1,rxb,23,13,live,live,0
WG05,3,Pre,1,rxb,16,11,live,live,0
WG05,3,Pre,1,rxb,7,5,live,dead,1
WG05,3,Pre,1,rxb,24,15,live,live,0
WG05,3,Pre,1,rxb,25,14,live,live,0
WG05,3,Pre,1,rxb,7,4,live,dead,1
WG05,3,Pre,1,rxb,21,10,live,live,0
WG05,3,Pre,1,rxb,21,12,live,live,0
WG06,3,Pre,1,rxb,10,9,live,live,0
WG06,3,Pre,1,rxb,29,16,live,live,0
WG06,3,Pre,1,rxb,24,17,live,live,0
WG06,3,Pre,1,rxb,19,11,live,live,0
WG06,3,Pre,1,rxb,17,12,live,live,0
WG06,3,Pre,1,rxb,10,7,live,live,0
WG06,3,Pre,1,rxb,18,11,live,live,0
WG06,3,Pre,1,rxb,14,10,live,live,0
WG06,3,Pre,1,rxb,6,7,live,live,0
WG06,3,Pre,1,rxb,4,3,live,live,0
WG06,3,Pre,1,rxb,8,7,live,live,0
WG06,3,Pre,1,rxb,29,14,live,live,0
WG06,3,Pre,1,rxb,28,15,live,live,0
WG06,3,Pre,1,rxb,8,6,live,live,0
WG06,3,Pre,1,rxb,9,8,live,live,0
WG06,3,Pre,1,rxb,30,15,live,dead,1
WG07,2,Pre,1,rxb,13,4,live,live,0
WG07,2,Pre,1,rxb,17,11,live,live,0
WG07,2,Pre,1,rxb,14,11,live,live,0
WG07,2,Pre,1,rxb,17,11,live,live,0
WG07,2,Pre,1,rxb,19,10,live,live,0
WG07,2,Pre,1,rxb,10,11,live,live,0
WG07,2,Pre,1,rxb,25,12,live,live,0
WG07,2,Pre,1,rxb,10,10,live,live,0
WG07,2,Pre,1,rxb,7,3,live,live,0
WG07,2,Pre,1,rxb,8,14,live,dead,1
WG07,2,Pre,1,rxb,28,13,live,live,0
WG07,2,Pre,1,rxb,9,4,live,live,0
WG07,2,Pre,1,rxb,10,2,live,dead,1
WG07,2,Pre,1,rxb,11,8,live,live,0
WG07,2,Pre,1,rxb,23,14,live,live,0
WG07,2,Pre,1,rxb,11,10,live,live,0
WG07,2,Pre,1,rxb,28,14,live,live,0
WG07,2,Pre,1,rxb,11,8,live,live,0
WG07,2,Pre,1,rxb,16,12,live,live,0
WG07,2,Pre,1,rxb,17,9,live,live,0
WG08,3,Pre,1,rxb,17,11,live,live,0
WG08,3,Pre,1,rxb,17,11,live,live,0
WG08,3,Pre,1,rxb,4,3,live,dead,1
WG08,3,Pre,1,rxb,11,6,live,live,0
WG08,3,Pre,1,rxb,21,14,live,live,0
WG08,3,Pre,1,rxb,9,7,live,live,0
WG08,3,Pre,1,rxb,21,11,live,dead,1
WG08,3,Pre,1,rxb,6,4,live,dead,1
WG08,3,Pre,1,rxb,15,12,live,live,0
WG08,3,Pre,1,rxb,7,4,live,dead,1
WG08,3,Pre,1,rxb,7,5,live,dead,1
WG08,3,Pre,1,rxb,17,10,live,live,0
WG08,3,Pre,1,rxb,4,3,live,dead,1
WG08,3,Pre,1,rxb,2,2,live,dead,1
WG08,3,Pre,1,rxb,5,2,live,dead,1
WG08,3,Pre,1,rxb,23,11,live,live,0
WG08,3,Pre,1,rxb,12,10,live,live,0
WG08,3,Pre,1,rxb,12,10,live,live,0
WG08,3,Pre,1,rxb,23,11,live,live,0
WG08,3,Pre,1,rxb,15,11,live,live,0
WG08,3,Pre,1,rxb,18,12,live,live,0
WG09,4,Pre,1,rxb,22,11,live,live,0
WG09,4,Pre,1,rxb,21,11,live,live,0
WG09,4,Pre,1,rxb,7,6,live,dead,1
WG09,4,Pre,1,rxb,23,11,live,live,0
WG09,4,Pre,1,rxb,23,11,live,live,0
WG09,4,Pre,1,rxb,17,8,live,live,0
WG09,4,Pre,1,rxb,12,9,live,live,0
WG09,4,Pre,1,rxb,7,6,live,dead,1
WG09,4,Pre,1,rxb,14,9,live,live,0
WG09,4,Pre,1,rxb,4,4,live,live,0
WG09,4,Pre,1,rxb,23,8,live,live,0
WG09,4,Pre,1,rxb,7,4,live,live,0
WG09,4,Pre,1,rxb,6,4,live,live,0
WG09,4,Pre,1,rxb,7,5,live,live,0
WG11,4,Pre,1,rxb,14,10,live,live,0
WG11,4,Pre,1,rxb,7,6,live,dead,1
WG11,4,Pre,1,rxb,15,5,live,live,0
WG11,4,Pre,1,rxb,10,10,live,live,0
WG11,4,Pre,1,rxb,11,9,live,live,0
WG11,4,Pre,1,rxb,17,10,live,live,0
WG11,4,Pre,1,rxb,15,7,live,live,0
WG11,4,Pre,1,rxb,4,4,live,dead,1
WG11,4,Pre,1,rxb,9,8,live,dead,1
WG11,4,Pre,1,rxb,16,9,live,live,0
WG11,4,Pre,1,rxb,12,9,live,live,0
WG11,4,Pre,1,rxb,12,9,live,live,0
WG11,4,Pre,1,rxb,20,13,live,live,0
WG11,4,Pre,1,rxb,9,8,live,dead,1
WG11,4,Pre,1,rxb,17,11,live,live,0
WG11,4,Pre,1,rxb,12,9,live,live,0
WG11,4,Pre,1,rxb,11,8,live,live,0
WG11,4,Pre,1,rxb,20,12,live,live,0
WG11,4,Pre,1,rxb,19,10,live,live,0
WG11,4,Pre,1,rxb,17,11,live,live,0
WG11,4,Pre,1,rxb,7,4,live,dead,1
WG11,4,Pre,1,rxb,18,12,live,live,0
WG11,4,Pre,1,rxb,6,3,live,dead,1
WG11,4,Pre,1,rxb,13,8,live,live,0
WG11,4,Pre,1,rxb,18,11,live,live,0
WG11,4,Pre,1,rxb,22,12,live,live,0
WG11,4,Pre,1,rxb,6,5,live,dead,1
WG11,4,Pre,1,rxb,10,4,live,dead,1
WG11,4,Pre,1,rxb,8,9,live,live,0
WG11,4,Pre,1,rxb,20,10,live,live,0
WG11,4,Pre,1,rxb,8,7,live,live,0
WG11,4,Pre,1,rxb,3,2,live,dead,1
WG11,4,Pre,1,rxb,5,2,live,live,0
WG11,4,Pre,1,rxb,7,6,live,dead,1
WG11,4,Pre,1,rxb,19,12,live,live,0
WG11,4,Pre,1,rxb,11,8,live,live,0
WG11,4,Pre,1,rxb,3,2,live,live,0
WG11,4,Pre,1,rxb,9,12,live,live,0
WG11,4,Pre,1,rxb,4,5,live,live,0
WG11,4,Pre,1,rxb,21,13,live,live,0
WG12,2,Pre,1,rxb,12,10,live,live,0
WG12,2,Pre,1,rxb,21,13,live,live,0
WG12,2,Pre,1,rxb,12,7,live,live,0
WG12,2,Pre,1,rxb,18,14,live,live,0
WG12,2,Pre,1,rxb,15,13,live,live,0
WG12,2,Pre,1,rxb,23,13,live,live,0
WG12,2,Pre,1,rxb,15,13,live,live,0
WG12,2,Pre,1,rxb,19,12,live,live,0
WG12,2,Pre,1,rxb,16,12,live,live,0
WG12,2,Pre,1,rxb,11,10,live,live,0
WG12,2,Pre,1,rxb,17,14,live,live,0
WG12,2,Pre,1,rxb,13,10,live,live,0
WG12,2,Pre,1,rxb,12,9,live,live,0
WG12,2,Pre,1,rxb,2,3,live,dead,1
WG12,2,Pre,1,rxb,8,8,live,live,0
WG12,2,Pre,1,rxb,21,12,live,live,0
WG12,2,Pre,1,rxb,16,12,live,live,0
WG12,2,Pre,1,rxb,6,4,live,live,0
WG12,2,Pre,1,rxb,19,13,live,live,0
WG12,2,Pre,1,rxb,18,12,live,live,0
WG12,2,Pre,1,rxb,8,6,live,live,0
WG12,2,Pre,1,rxb,17,13,live,live,0
WG12,2,Pre,1,rxb,7,7,live,live,0
WG12,2,Pre,1,rxb,7,7,live,live,0
WG12,2,Pre,1,rxb,5,4,live,live,0
WG12,2,Pre,1,rxb,15,12,live,live,0
WG12,2,Pre,1,rxb,6,5,live,live,0
WG12,2,Pre,1,rxb,18,13,live,live,0
WG12,2,Pre,1,rxb,12,2,live,dead,1
WM1,2,Pre,1,rxb,10,9,live,live,0
WM1,2,Pre,1,rxb,20,13,live,live,0
WM1,2,Pre,1,rxb,19,11,live,live,0
WM1,2,Pre,1,rxb,29,14,live,live,0
WM1,2,Pre,1,rxb,27,16,live,live,0
WM1,2,Pre,1,rxb,14,12,live,live,0
WM1,2,Pre,1,rxb,18,15,live,live,0
WM1,2,Pre,1,rxb,29,13,live,live,0
WM1,2,Pre,1,rxb,11,6,live,live,0
WM1,2,Pre,1,rxb,22,13,live,live,0
WM1,2,Pre,1,rxb,12,9,live,live,0
WM1,2,Pre,1,rxb,13,11,live,live,0
WM1,2,Pre,1,rxb,14,6,live,live,0
WM1,2,Pre,1,rxb,22,14,live,live,0
WM1,2,Pre,1,rxb,18,9,live,live,0
WM2,2,Pre,1,rxb,3,2,live,live,0
WM2,2,Pre,1,rxb,20,9,live,live,0
WM2,2,Pre,1,rxb,6,5,live,live,0
WM2,2,Pre,1,rxb,20,9,live,live,0
WM2,2,Pre,1,rxb,4,4,live,dead,1
WM2,2,Pre,1,rxb,19,7,live,live,0
WM2,2,Pre,1,rxb,4,2,live,dead,1
WM2,2,Pre,1,rxb,9,6,live,live,0
WM2,2,Pre,1,rxb,10,6,live,live,0
WM2,2,Pre,1,rxb,16,7,live,live,0
WM2,2,Pre,1,rxb,6,5,live,live,0
WM2,2,Pre,1,rxb,4,3,live,dead,1
WM2,2,Pre,1,rxb,8,6,live,live,0
WM2,2,Pre,1,rxb,7,5,live,live,0
WM2,2,Pre,1,rxb,18,6,live,live,0
WM2,2,Pre,1,rxb,8,6,live,live,0
WM2,2,Pre,1,rxb,9,5,live,live,0
WM2,2,Pre,1,rxb,24,11,live,live,0
WM2,2,Pre,1,rxb,5,3,live,dead,1
WM2,2,Pre,1,rxb,14,7,live,live,0
WM2,2,Pre,1,rxb,7,6,live,live,0
WM2,2,Pre,1,rxb,6,4,live,live,0
WM2,2,Pre,1,rxb,17,9,live,live,0
WM2,2,Pre,1,rxb,21,11,live,live,0
WM2,2,Pre,1,rxb,5,4,live,live,0
WM2,2,Pre,1,rxb,18,9,live,live,0
WM2,2,Pre,1,rxb,9,5,live,live,0
WM3,1,Pre,1,rxb,20,12,live,live,0
WM3,1,Pre,1,rxb,16,5,live,live,0
WM3,1,Pre,1,rxb,29,13,live,live,0
WM3,1,Pre,1,rxb,21,9,live,live,0
WM3,1,Pre,1,rxb,30,13,live,live,0
WM3,1,Pre,1,rxb,25,12,live,live,0
WM3,1,Pre,1,rxb,25,12,live,live,0
WW1,4,Pre,1,rxb,20,14,live,live,0
WW1,4,Pre,1,rxb,41,19,live,live,0
WW1,4,Pre,1,rxb,12,10,live,live,0
WW1,4,Pre,1,rxb,11,6,live,live,0
WW1,4,Pre,1,rxb,22,13,live,live,0
WW1,4,Pre,1,rxb,20,12,live,live,0
WW1,4,Pre,1,rxb,12,8,live,live,0
WW1,4,Pre,1,rxb,2,2,live,dead,1
WW1,4,Pre,1,rxb,1,3,live,dead,1
WW1,4,Pre,1,rxb,16,11,live,live,0
WW1,4,Pre,1,rxb,5,5,live,live,0
WW1,4,Pre,1,rxb,8,7,live,live,0
WW1,4,Pre,1,rxb,15,13,live,live,0
WW1,4,Pre,1,rxb,13,13,live,live,0
WW1,4,Pre,1,rxb,15,14,live,live,0
WW1,4,Pre,1,rxb,13,10,live,live,0
WW1,4,Pre,1,rxb,11,7,live,live,0
WW2,1,Pre,1,rxb,7,7,live,live,0
WW2,1,Pre,1,rxb,8,9,live,live,0
WW2,1,Pre,1,rxb,6,3,live,live,0
WW2,1,Pre,1,rxb,15,12,live,live,0
WW2,1,Pre,1,rxb,17,12,live,live,0
WW2,1,Pre,1,rxb,16,13,live,live,0
WW2,1,Pre,1,rxb,13,12,live,live,0
WW2,1,Pre,1,rxb,7,8,live,live,0
WW2,1,Pre,1,rxb,8,8,live,live,0
WW2,1,Pre,1,rxb,35,17,live,live,0
WW2,1,Pre,1,rxb,10,6,live,live,0
WW2,1,Pre,1,rxb,8,8,live,live,0
WW2,1,Pre,1,rxb,12,11,live,live,0
WW2,1,Pre,1,rxb,14,12,live,live,0
WW2,1,Pre,1,rxb,7,7,live,live,0
WW2,1,Pre,1,rxb,10,7,live,live,0
WW2,1,Pre,1,rxb,10,8,live,live,0
WW2,1,Pre,1,rxb,9,9,live,live,0
WW2,1,Pre,1,rxb,4,6,live,live,0
WW2,1,Pre,1,rxb,7,9,live,live,0
WW2,1,Pre,1,rxb,24,13,live,live,0
WW3,1,Pre,1,rxb,9,10,live,live,0
WW3,1,Pre,1,rxb,21,12,live,live,0
WW3,1,Pre,1,rxb,12,11,live,live,0
WW3,1,Pre,1,rxb,15,12,live,live,0
WW3,1,Pre,1,rxb,21,14,live,live,0
WW3,1,Pre,1,rxb,18,13,live,live,0
WW3,1,Pre,1,rxb,20,13,live,live,0
WW3,1,Pre,1,rxb,14,10,live,live,0
WW3,1,Pre,1,rxb,17,10,live,live,0
WW3,1,Pre,1,rxb,35,16,live,live,0
WW3,1,Pre,1,rxb,11,10,live,live,0
WW3,1,Pre,1,rxb,23,14,live,live,0
WW3,1,Pre,1,rxb,10,10,live,live,0
WW3,1,Pre,1,rxb,15,13,live,live,0
WW3,1,Pre,1,rxb,9,9,live,live,0
